Well_ID,Field_Name,Date,Oil_Production_bbl,Water_Production_bbl,Gas_Production_mcf,Wellhead_Pressure_psi,Tubing_Pressure_psi,Choke_Size_in,Pump_Efficiency_%,Status
WELL_1,Field_C,2020-01-01,433.34,249.83,1424.53,1144.15,781.55,20,88.26,Shut-in
WELL_2,Field_A,2020-01-02,465.77,201.44,1338.55,1166.24,833.46,24,89.6,Shut-in
WELL_3,Field_C,2020-01-03,554.93,231.0,1275.4,1059.75,816.24,16,99.23,Abandoned
WELL_4,Field_B,2020-01-04,444.42,248.79,1684.16,1193.45,789.94,32,76.82,Shut-in
WELL_5,Field_D,2020-01-05,511.11,170.81,1262.44,1157.57,806.07,24,72.64,Shut-in
WELL_6,Field_B,2020-01-06,422.41,189.5,1892.9,1206.17,886.59,20,64.75,Workover
WELL_7,Field_C,2020-01-07,489.89,229.04,1346.56,1327.54,881.53,20,90.88,Workover
WELL_8,Field_D,2020-01-08,562.01,215.47,1471.96,1200.03,820.98,20,92.26,Workover
WELL_9,Field_D,2020-01-09,447.01,218.85,1122.12,1237.34,822.15,32,64.31,Workover
WELL_10,Field_D,2020-01-10,472.14,156.79,1797.25,1153.02,868.75,24,73.39,Shut-in
WELL_11,Field_C,2020-01-11,475.0,162.74,919.69,1273.35,813.99,20,62.84,Shut-in
WELL_12,Field_B,2020-01-12,568.76,195.15,1892.05,1067.14,894.89,20,81.14,Active
WELL_13,Field_A,2020-01-13,551.0,245.78,1111.01,1265.03,749.81,20,73.57,Workover
WELL_14,Field_A,2020-01-14,564.82,189.75,1541.68,1350.72,777.68,32,99.16,Active
WELL_15,Field_B,2020-01-15,469.67,218.87,1378.9,1320.26,779.55,24,99.81,Abandoned
WELL_16,Field_A,2020-01-16,526.01,157.88,1575.69,1239.74,728.3,32,80.55,Shut-in
WELL_17,Field_A,2020-01-17,511.37,234.53,1476.79,1267.64,979.11,16,90.95,Shut-in
WELL_18,Field_D,2020-01-18,508.68,240.43,1557.14,1030.99,730.33,16,94.05,Workover
WELL_19,Field_B,2020-01-19,484.51,206.57,1300.53,1234.43,754.88,20,60.14,Abandoned
WELL_20,Field_C,2020-01-20,487.94,215.11,1872.21,1364.27,781.17,20,73.22,Workover
WELL_21,Field_D,2020-01-21,507.84,190.99,1516.29,1236.62,926.86,16,72.05,Abandoned
WELL_22,Field_B,2020-01-22,482.23,198.02,2055.71,1295.38,729.15,20,69.01,Active
WELL_23,Field_A,2020-01-23,523.12,133.19,1161.77,1241.92,679.35,32,81.97,Active
WELL_24,Field_D,2020-01-24,544.54,226.72,1762.56,1289.52,693.56,24,74.97,Active
WELL_25,Field_D,2020-01-25,474.89,208.84,1047.92,1036.74,794.11,20,76.84,Abandoned
WELL_26,Field_A,2020-01-26,449.17,210.49,1069.63,1168.34,853.12,24,76.28,Workover
WELL_27,Field_D,2020-01-27,506.4,243.04,1504.55,1324.74,878.18,32,95.29,Shut-in
WELL_28,Field_D,2020-01-28,468.39,231.7,1686.51,1106.89,930.74,24,79.16,Abandoned
WELL_29,Field_D,2020-01-29,484.26,217.31,1878.85,1107.7,830.8,20,67.41,Active
WELL_30,Field_B,2020-01-30,442.48,171.79,1308.35,1151.58,975.79,40,87.25,Abandoned
WELL_31,Field_D,2020-01-31,492.79,155.52,1290.32,957.1,824.63,24,69.98,Workover
WELL_32,Field_C,2020-02-01,438.94,217.78,1341.95,1043.07,694.71,16,72.33,Active
WELL_33,Field_A,2020-02-02,443.57,155.0,1177.54,1383.8,820.77,40,87.89,Active
WELL_34,Field_C,2020-02-03,530.62,212.72,1235.87,1160.07,815.18,32,95.22,Workover
WELL_35,Field_A,2020-02-04,499.68,208.51,1704.28,1097.55,834.8,16,93.04,Active
WELL_36,Field_C,2020-02-05,519.99,170.85,1410.03,1169.28,861.58,40,67.62,Shut-in
WELL_37,Field_C,2020-02-06,511.69,200.54,1179.65,1303.23,807.43,20,82.61,Active
WELL_38,Field_D,2020-02-07,541.82,217.87,1539.95,1123.91,828.14,16,91.83,Shut-in
WELL_39,Field_B,2020-02-08,523.84,216.95,2073.26,1130.95,865.51,40,82.7,Abandoned
WELL_40,Field_C,2020-02-09,542.44,183.25,2112.05,1186.48,882.12,16,72.14,Abandoned
WELL_41,Field_B,2020-02-10,533.42,232.49,1423.97,1256.0,836.55,24,67.49,Shut-in
WELL_42,Field_A,2020-02-11,526.03,141.32,2181.91,1162.24,781.07,24,61.45,Abandoned
WELL_43,Field_B,2020-02-12,476.47,271.58,1910.48,1287.53,792.15,16,67.66,Active
WELL_44,Field_C,2020-02-13,507.77,148.14,1898.68,1117.52,894.82,20,82.68,Workover
WELL_45,Field_B,2020-02-14,496.59,172.71,1488.28,1167.95,699.84,40,83.16,Active
WELL_46,Field_B,2020-02-15,568.71,218.89,1638.98,1264.35,737.92,24,92.61,Active
WELL_47,Field_A,2020-02-16,497.85,159.46,1015.21,1018.02,702.59,16,64.53,Active
WELL_48,Field_B,2020-02-17,453.17,227.53,1643.15,1106.77,700.51,16,76.04,Active
WELL_49,Field_A,2020-02-18,512.8,223.78,871.59,1226.63,757.39,40,88.86,Abandoned
WELL_50,Field_C,2020-02-19,472.81,126.97,1388.94,1247.41,854.59,40,72.94,Abandoned
WELL_51,Field_D,2020-02-20,522.39,244.32,1588.02,1263.62,789.3,16,91.26,Workover
WELL_52,Field_D,2020-02-21,498.16,177.78,1901.34,1102.75,815.69,32,98.85,Abandoned
WELL_53,Field_C,2020-02-22,558.51,184.5,1581.44,1219.55,744.57,24,92.69,Shut-in
WELL_54,Field_C,2020-02-23,426.39,188.1,1630.44,1164.52,920.93,32,89.02,Active
WELL_55,Field_C,2020-02-24,462.15,209.44,1757.2,1154.33,842.28,24,78.83,Active
WELL_56,Field_B,2020-02-25,431.5,132.97,1670.9,1148.88,882.28,20,94.47,Shut-in
WELL_57,Field_B,2020-02-26,508.58,207.29,1095.16,1347.95,726.3,32,90.3,Shut-in
WELL_58,Field_B,2020-02-27,435.71,159.67,2001.15,1149.35,815.02,20,68.22,Shut-in
WELL_59,Field_C,2020-02-28,499.62,224.99,1349.91,1233.96,828.93,32,97.7,Abandoned
WELL_60,Field_A,2020-02-29,495.53,139.15,1415.37,1191.93,715.14,16,67.24,Active
WELL_61,Field_B,2020-03-01,578.21,218.55,1151.76,1135.82,759.43,40,99.85,Shut-in
WELL_62,Field_A,2020-03-02,530.64,194.57,1645.32,1177.49,859.22,40,87.79,Workover
WELL_63,Field_B,2020-03-03,505.72,162.21,1208.46,1135.72,810.84,16,90.5,Shut-in
WELL_64,Field_C,2020-03-04,437.89,149.89,1828.25,1225.86,747.17,20,64.69,Active
WELL_65,Field_B,2020-03-05,535.96,198.26,2082.3,1197.89,771.19,16,72.63,Shut-in
WELL_66,Field_D,2020-03-06,493.45,204.64,1181.48,1199.63,865.41,32,70.41,Active
WELL_67,Field_A,2020-03-07,565.2,219.58,1573.14,1220.11,874.24,24,69.08,Workover
WELL_68,Field_B,2020-03-08,575.7,236.1,1216.59,1238.77,797.13,20,61.26,Active
WELL_69,Field_A,2020-03-09,507.13,179.36,1672.39,1196.42,823.94,16,82.4,Abandoned
WELL_70,Field_C,2020-03-10,577.27,188.19,1416.75,1075.57,726.97,20,76.21,Active
WELL_71,Field_C,2020-03-11,535.49,150.45,1481.8,1329.2,761.55,16,73.66,Shut-in
WELL_72,Field_A,2020-03-12,398.78,165.87,1583.88,992.05,771.75,20,63.09,Active
WELL_73,Field_A,2020-03-13,501.52,241.4,1412.87,1254.8,878.07,16,95.68,Active
WELL_74,Field_C,2020-03-14,446.06,179.73,1818.7,1206.41,897.12,32,79.98,Abandoned
WELL_75,Field_A,2020-03-15,546.87,189.96,2131.71,1348.55,710.4,16,95.13,Shut-in
WELL_76,Field_C,2020-03-16,431.84,205.74,1710.45,1227.58,937.45,32,94.0,Shut-in
WELL_77,Field_A,2020-03-17,506.47,228.62,1547.43,1163.71,792.76,24,96.85,Workover
WELL_78,Field_C,2020-03-18,505.15,227.32,751.89,1325.35,624.35,20,62.87,Active
WELL_79,Field_A,2020-03-19,532.04,191.59,1707.52,1186.29,762.64,20,73.52,Shut-in
WELL_80,Field_D,2020-03-20,516.78,179.65,1832.9,1277.47,904.63,24,87.36,Workover
WELL_81,Field_D,2020-03-21,487.16,254.93,1861.59,1200.43,883.54,40,76.89,Active
WELL_82,Field_C,2020-03-22,511.81,169.17,1498.61,1179.89,831.35,24,81.21,Abandoned
WELL_83,Field_C,2020-03-23,454.37,183.91,1377.89,1249.84,769.91,16,68.18,Shut-in
WELL_84,Field_A,2020-03-24,496.59,199.05,940.98,1308.73,615.36,24,89.35,Active
WELL_85,Field_D,2020-03-25,582.27,195.64,1319.51,1035.89,730.41,40,78.12,Active
WELL_86,Field_D,2020-03-26,552.16,223.59,1322.75,1298.11,918.34,20,67.53,Shut-in
WELL_87,Field_B,2020-03-27,469.83,212.6,1314.63,1169.88,723.86,24,95.78,Workover
WELL_88,Field_C,2020-03-28,429.09,256.43,1723.56,1128.99,831.31,20,81.91,Shut-in
WELL_89,Field_A,2020-03-29,479.5,213.61,1096.12,1376.67,813.24,16,78.79,Abandoned
WELL_90,Field_A,2020-03-30,541.9,205.32,878.96,1255.0,847.28,32,66.2,Workover
WELL_91,Field_D,2020-03-31,444.77,189.97,1609.32,1200.25,709.96,16,88.2,Abandoned
WELL_92,Field_C,2020-04-01,500.15,287.77,1959.56,1269.33,676.81,40,72.63,Shut-in
WELL_93,Field_A,2020-04-02,459.34,167.15,1455.57,1072.76,799.96,32,96.22,Shut-in
WELL_94,Field_C,2020-04-03,532.83,230.01,1943.73,1316.85,774.89,40,63.12,Active
WELL_95,Field_D,2020-04-04,472.75,192.58,1454.5,1259.45,890.22,32,85.27,Shut-in
WELL_96,Field_A,2020-04-05,456.93,200.36,2052.14,1240.11,785.0,16,77.9,Workover
WELL_97,Field_C,2020-04-06,533.4,211.28,861.83,1152.3,771.88,20,77.97,Abandoned
WELL_98,Field_A,2020-04-07,511.49,188.64,1941.44,1490.13,842.31,20,68.27,Abandoned
WELL_99,Field_C,2020-04-08,457.24,178.0,1325.06,1041.47,777.72,40,97.52,Shut-in
WELL_100,Field_D,2020-04-09,526.57,190.72,1433.68,1056.08,788.5,40,65.61,Shut-in
WELL_101,Field_D,2020-04-10,594.68,153.95,1028.01,1152.02,852.87,40,92.78,Shut-in
WELL_102,Field_A,2020-04-11,511.09,203.98,1327.24,1301.9,846.37,40,97.02,Active
WELL_103,Field_B,2020-04-12,512.24,193.3,1240.37,1231.56,756.79,32,83.4,Workover
WELL_104,Field_A,2020-04-13,552.64,208.1,1080.21,1272.09,924.83,24,63.71,Shut-in
WELL_105,Field_C,2020-04-14,424.58,165.77,1485.47,1446.82,752.4,32,79.94,Abandoned
WELL_106,Field_B,2020-04-15,516.98,236.63,1244.05,1252.85,793.33,32,74.74,Abandoned
WELL_107,Field_D,2020-04-16,457.02,197.4,1573.08,1256.22,852.86,24,74.59,Abandoned
WELL_108,Field_D,2020-04-17,506.39,104.05,1288.43,1019.22,733.02,24,65.98,Active
WELL_109,Field_B,2020-04-18,482.21,194.2,1525.65,1211.76,704.31,20,75.72,Abandoned
WELL_110,Field_D,2020-04-19,567.59,133.22,2072.96,1145.39,658.1,40,96.47,Shut-in
WELL_111,Field_C,2020-04-20,455.13,227.54,1419.54,1194.34,688.01,40,96.52,Active
WELL_112,Field_A,2020-04-21,520.05,140.81,1382.77,1171.77,874.54,20,93.69,Abandoned
WELL_113,Field_D,2020-04-22,490.28,184.97,1624.53,1306.67,865.59,20,81.14,Active
WELL_114,Field_C,2020-04-23,478.54,178.32,1409.26,1163.23,923.43,24,74.67,Shut-in
WELL_115,Field_B,2020-04-24,479.42,167.94,1443.46,1219.84,789.23,40,85.14,Shut-in
WELL_116,Field_C,2020-04-25,465.83,224.21,1148.23,1227.89,874.46,16,87.07,Abandoned
WELL_117,Field_C,2020-04-26,397.53,203.55,1598.74,1217.55,699.75,40,92.62,Active
WELL_118,Field_C,2020-04-27,575.37,245.11,1375.3,1040.31,769.13,32,99.0,Workover
WELL_119,Field_C,2020-04-28,541.7,191.93,1246.1,1395.02,821.93,40,83.58,Shut-in
WELL_120,Field_D,2020-04-29,489.1,217.4,1790.46,1222.68,797.79,32,94.67,Active
WELL_121,Field_A,2020-04-30,515.25,217.73,2250.63,1151.14,766.88,20,66.07,Shut-in
WELL_122,Field_D,2020-05-01,534.14,237.26,1584.74,1249.7,702.91,24,65.69,Shut-in
WELL_123,Field_B,2020-05-02,508.98,213.35,918.03,1031.59,905.27,24,65.79,Workover
WELL_124,Field_D,2020-05-03,467.47,210.77,1714.75,1413.36,828.5,20,67.19,Active
WELL_125,Field_B,2020-05-04,476.38,202.69,1765.93,1305.22,812.94,24,85.25,Abandoned
WELL_126,Field_C,2020-05-05,544.4,240.45,1567.03,1056.33,890.51,20,69.48,Shut-in
WELL_127,Field_D,2020-05-06,513.0,221.55,1383.1,1227.33,838.73,20,97.18,Abandoned
WELL_128,Field_A,2020-05-07,517.11,183.11,1154.85,1143.79,721.94,20,86.27,Workover
WELL_129,Field_A,2020-05-08,511.96,183.42,1349.51,1266.01,870.14,16,72.88,Active
WELL_130,Field_A,2020-05-09,531.1,198.25,679.04,1299.6,707.11,32,63.31,Active
WELL_131,Field_A,2020-05-10,422.21,146.6,1631.2,1348.02,687.54,24,84.45,Active
WELL_132,Field_C,2020-05-11,420.99,239.84,1617.01,1189.19,837.42,32,87.08,Shut-in
WELL_133,Field_C,2020-05-12,502.14,187.39,1542.6,1307.32,700.17,40,72.37,Active
WELL_134,Field_D,2020-05-13,546.73,209.82,903.58,1093.36,876.7,40,66.65,Shut-in
WELL_135,Field_A,2020-05-14,582.76,153.68,1729.89,1079.2,703.6,24,78.36,Shut-in
WELL_136,Field_B,2020-05-15,485.33,228.62,1446.32,1179.49,760.22,20,86.9,Shut-in
WELL_137,Field_D,2020-05-16,508.96,198.9,1647.0,1091.35,815.83,32,83.13,Abandoned
WELL_138,Field_C,2020-05-17,498.24,232.0,876.53,1259.26,779.74,32,77.92,Active
WELL_139,Field_A,2020-05-18,513.97,128.33,1209.86,1235.64,826.82,20,69.19,Workover
WELL_140,Field_D,2020-05-19,554.85,223.81,1007.78,1172.22,945.32,20,79.9,Abandoned
WELL_141,Field_C,2020-05-20,539.05,202.89,1328.88,1240.35,760.94,16,90.38,Shut-in
WELL_142,Field_B,2020-05-21,544.18,226.78,1674.76,1211.72,812.41,16,66.82,Active
WELL_143,Field_A,2020-05-22,436.06,203.65,1377.86,1313.02,650.38,40,75.53,Workover
WELL_144,Field_D,2020-05-23,522.19,210.34,1583.27,1185.9,756.09,32,97.41,Active
WELL_145,Field_D,2020-05-24,515.42,202.26,1394.85,1169.74,741.98,20,86.62,Shut-in
WELL_146,Field_D,2020-05-25,491.5,196.34,1537.27,1043.14,1060.98,32,68.23,Abandoned
WELL_147,Field_C,2020-05-26,502.69,206.44,1877.67,1092.17,965.58,16,81.28,Shut-in
WELL_148,Field_A,2020-05-27,565.98,242.34,1860.74,1239.02,819.25,16,91.4,Abandoned
WELL_149,Field_A,2020-05-28,557.68,163.81,1810.84,1145.12,832.06,24,95.16,Workover
WELL_150,Field_D,2020-05-29,584.24,156.59,1496.57,1045.72,811.99,20,69.59,Workover
WELL_151,Field_C,2020-05-30,491.57,245.32,1506.69,1057.97,809.19,20,66.87,Active
WELL_152,Field_B,2020-05-31,452.24,218.76,1686.76,1090.29,787.26,32,89.68,Shut-in
WELL_153,Field_A,2020-06-01,509.75,171.55,1474.14,1232.04,812.5,24,72.21,Active
WELL_154,Field_D,2020-06-02,577.78,196.15,1550.91,1199.31,765.78,40,74.15,Shut-in
WELL_155,Field_B,2020-06-03,487.19,231.55,1572.93,1149.33,644.73,40,83.76,Abandoned
WELL_156,Field_D,2020-06-04,513.07,148.83,1374.9,1380.64,684.2,20,65.23,Active
WELL_157,Field_D,2020-06-05,430.72,166.11,1618.83,1364.9,903.26,20,82.26,Active
WELL_158,Field_B,2020-06-06,613.59,210.65,1552.14,1190.22,896.18,16,85.88,Active
WELL_159,Field_D,2020-06-07,454.95,207.27,987.78,1237.54,822.48,32,66.0,Workover
WELL_160,Field_A,2020-06-08,488.76,262.91,1742.98,1363.09,860.67,16,61.67,Active
WELL_161,Field_C,2020-06-09,433.59,131.17,1273.42,1380.55,937.4,16,64.52,Active
WELL_162,Field_B,2020-06-10,459.22,164.16,1268.42,1150.16,820.76,24,76.37,Abandoned
WELL_163,Field_A,2020-06-11,460.54,180.07,1145.98,1364.69,810.96,24,67.87,Abandoned
WELL_164,Field_D,2020-06-12,480.97,190.19,1304.65,1148.78,723.32,16,87.56,Active
WELL_165,Field_D,2020-06-13,467.1,203.7,1532.11,1255.57,759.27,24,71.02,Shut-in
WELL_166,Field_C,2020-06-14,460.98,246.49,1758.89,1218.89,924.3,20,93.86,Abandoned
WELL_167,Field_B,2020-06-15,600.49,261.31,1912.8,1236.16,721.63,24,79.07,Abandoned
WELL_168,Field_B,2020-06-16,563.04,246.93,1738.19,1350.0,678.81,24,68.78,Workover
WELL_169,Field_D,2020-06-17,483.59,203.37,1514.67,1345.69,743.58,24,71.87,Workover
WELL_170,Field_D,2020-06-18,507.26,196.58,1670.83,1401.85,746.59,32,63.87,Shut-in
WELL_171,Field_D,2020-06-19,555.57,186.93,551.6,918.72,843.93,16,95.42,Shut-in
WELL_172,Field_C,2020-06-20,538.16,242.44,1308.33,1295.74,737.3,16,61.58,Workover
WELL_173,Field_B,2020-06-21,483.76,219.1,1518.72,1304.96,848.89,24,95.71,Active
WELL_174,Field_B,2020-06-22,538.88,176.99,1124.68,1123.4,909.18,20,80.86,Workover
WELL_175,Field_B,2020-06-23,493.22,209.71,1597.78,1218.71,946.28,20,85.21,Shut-in
WELL_176,Field_D,2020-06-24,422.87,250.94,1317.81,1115.77,774.13,20,98.65,Workover
WELL_177,Field_C,2020-06-25,394.12,216.01,1566.48,1186.65,914.1,32,97.6,Workover
WELL_178,Field_A,2020-06-26,555.52,247.5,1718.3,1263.82,825.71,24,67.76,Active
WELL_179,Field_D,2020-06-27,500.85,181.87,1624.48,1169.16,794.92,20,68.58,Active
WELL_180,Field_A,2020-06-28,535.57,192.61,1628.44,1189.17,917.76,16,79.87,Abandoned
WELL_181,Field_A,2020-06-29,502.53,166.1,1623.22,1163.28,721.43,20,66.44,Abandoned
WELL_182,Field_C,2020-06-30,477.22,204.07,1546.06,1013.97,798.86,20,65.09,Abandoned
WELL_183,Field_C,2020-07-01,458.24,203.04,1867.48,1129.25,853.49,24,88.44,Abandoned
WELL_184,Field_C,2020-07-02,504.76,164.74,1090.25,1232.89,817.53,32,97.47,Workover
WELL_185,Field_A,2020-07-03,576.22,241.75,1060.02,1257.99,930.75,40,89.6,Abandoned
WELL_186,Field_A,2020-07-04,382.74,261.11,992.06,1178.11,913.01,16,66.41,Active
WELL_187,Field_D,2020-07-05,364.54,221.29,1736.64,1123.78,885.84,40,75.56,Abandoned
WELL_188,Field_B,2020-07-06,502.44,205.79,1424.43,1169.42,700.2,20,99.94,Active
WELL_189,Field_C,2020-07-07,451.41,235.21,1183.53,1141.16,649.58,16,80.81,Active
WELL_190,Field_B,2020-07-08,543.79,163.03,1319.1,1276.4,837.65,32,99.72,Workover
WELL_191,Field_D,2020-07-09,507.06,180.19,1781.43,1357.48,698.21,40,81.54,Abandoned
WELL_192,Field_B,2020-07-10,420.84,200.4,1606.61,1145.14,624.49,32,71.93,Shut-in
WELL_193,Field_B,2020-07-11,501.42,183.14,1291.81,1023.45,843.93,40,85.32,Active
WELL_194,Field_C,2020-07-12,515.26,204.08,1841.15,1388.78,726.18,32,68.02,Abandoned
WELL_195,Field_B,2020-07-13,510.85,200.07,1991.73,1252.37,807.49,32,84.61,Abandoned
WELL_196,Field_A,2020-07-14,504.28,216.22,1172.82,1209.5,815.93,20,69.68,Workover
WELL_197,Field_B,2020-07-15,561.14,214.51,1566.54,1180.2,845.39,20,88.77,Active
WELL_198,Field_A,2020-07-16,498.45,221.62,1457.97,1188.88,980.48,24,75.49,Workover
WELL_199,Field_C,2020-07-17,498.21,185.78,1392.72,1075.64,808.5,16,82.86,Active
WELL_200,Field_A,2020-07-18,437.85,214.05,1399.95,1073.51,797.83,20,91.03,Workover
WELL_201,Field_B,2020-07-19,488.56,153.3,1717.69,1076.66,789.03,20,65.67,Active
WELL_202,Field_D,2020-07-20,504.72,185.95,1728.59,1088.53,852.41,32,70.87,Active
WELL_203,Field_D,2020-07-21,394.73,181.29,1409.91,1341.48,723.0,16,92.08,Abandoned
WELL_204,Field_A,2020-07-22,540.28,206.55,2089.12,1356.9,790.74,16,88.02,Active
WELL_205,Field_A,2020-07-23,471.71,185.45,1602.31,1131.11,763.9,40,64.8,Abandoned
WELL_206,Field_B,2020-07-24,576.36,157.83,1510.53,1248.4,722.49,20,60.16,Shut-in
WELL_207,Field_D,2020-07-25,471.5,236.02,1586.94,1350.27,809.45,32,98.25,Workover
WELL_208,Field_D,2020-07-26,455.37,179.67,1850.17,1464.34,965.83,20,63.78,Abandoned
WELL_209,Field_B,2020-07-27,396.8,174.2,1093.89,1117.26,880.81,20,89.35,Abandoned
WELL_210,Field_B,2020-07-28,538.62,232.19,888.98,1093.1,780.86,24,86.08,Shut-in
WELL_211,Field_B,2020-07-29,529.95,211.29,1305.0,1283.75,810.53,20,97.31,Workover
WELL_212,Field_C,2020-07-30,499.62,209.7,1212.27,1141.91,839.69,24,85.13,Active
WELL_213,Field_C,2020-07-31,446.8,174.07,1514.88,1058.16,822.58,24,77.84,Shut-in
WELL_214,Field_D,2020-08-01,531.1,200.2,980.05,1259.8,844.92,40,69.65,Abandoned
WELL_215,Field_A,2020-08-02,483.69,174.09,1313.14,1015.81,780.81,40,98.22,Workover
WELL_216,Field_C,2020-08-03,554.32,176.58,1470.72,1241.03,743.86,32,80.74,Abandoned
WELL_217,Field_B,2020-08-04,441.37,151.89,1719.33,1178.56,785.54,20,69.64,Shut-in
WELL_218,Field_A,2020-08-05,460.43,252.26,1266.03,1218.74,911.4,40,75.48,Workover
WELL_219,Field_C,2020-08-06,534.43,236.3,1775.42,1555.45,822.64,24,86.88,Abandoned
WELL_220,Field_C,2020-08-07,528.61,246.91,1583.63,1151.47,671.55,20,94.41,Active
WELL_221,Field_D,2020-08-08,454.61,191.71,1346.5,1283.4,834.34,40,64.02,Shut-in
WELL_222,Field_A,2020-08-09,508.76,227.57,1525.48,957.68,913.28,24,77.16,Active
WELL_223,Field_A,2020-08-10,594.33,193.09,1657.41,1226.76,840.66,16,91.74,Workover
WELL_224,Field_B,2020-08-11,447.14,211.41,840.52,1160.83,636.95,40,93.31,Shut-in
WELL_225,Field_D,2020-08-12,524.24,216.47,859.78,1173.15,742.43,20,79.86,Shut-in
WELL_226,Field_C,2020-08-13,499.71,188.29,1413.76,1108.56,818.12,40,72.73,Abandoned
WELL_227,Field_C,2020-08-14,567.03,192.38,1635.76,1143.94,809.4,32,83.74,Active
WELL_228,Field_D,2020-08-15,586.73,215.25,1157.8,1264.81,979.27,16,86.31,Shut-in
WELL_229,Field_A,2020-08-16,510.09,214.25,1913.19,1110.27,735.56,40,98.99,Shut-in
WELL_230,Field_C,2020-08-17,439.17,219.58,1996.01,1190.28,826.17,40,84.03,Shut-in
WELL_231,Field_C,2020-08-18,461.78,139.2,1219.94,1122.29,834.24,24,85.9,Abandoned
WELL_232,Field_A,2020-08-19,462.87,222.53,1469.82,1187.17,808.25,24,74.88,Active
WELL_233,Field_B,2020-08-20,529.27,173.0,1787.51,1267.16,808.71,24,94.07,Shut-in
WELL_234,Field_D,2020-08-21,612.51,233.66,1332.65,1134.77,670.62,20,81.27,Abandoned
WELL_235,Field_B,2020-08-22,438.63,196.66,1189.7,952.73,838.97,16,80.6,Abandoned
WELL_236,Field_A,2020-08-23,506.15,188.96,1363.55,1147.31,657.2,32,78.52,Active
WELL_237,Field_C,2020-08-24,499.58,174.47,1746.96,1107.63,753.01,24,74.37,Workover
WELL_238,Field_D,2020-08-25,503.61,161.39,1462.22,1181.3,743.52,24,94.94,Abandoned
WELL_239,Field_D,2020-08-26,456.2,152.14,1618.51,1295.86,556.5,40,60.85,Workover
WELL_240,Field_D,2020-08-27,420.47,166.83,1180.82,1273.34,830.75,40,69.89,Shut-in
WELL_241,Field_B,2020-08-28,443.49,152.69,1111.16,1352.9,826.77,20,83.63,Abandoned
WELL_242,Field_A,2020-08-29,501.43,169.49,1933.97,1250.4,810.65,32,72.74,Abandoned
WELL_243,Field_A,2020-08-30,570.07,214.28,1502.71,1096.71,928.06,40,72.43,Workover
WELL_244,Field_D,2020-08-31,506.93,180.87,1596.35,1291.0,937.46,16,63.89,Workover
WELL_245,Field_C,2020-09-01,523.43,218.27,2361.63,1120.26,693.69,20,93.26,Workover
WELL_246,Field_A,2020-09-02,491.57,251.17,1676.09,1123.51,520.44,24,88.92,Workover
WELL_247,Field_A,2020-09-03,549.93,197.98,1604.4,1140.75,531.04,20,65.31,Abandoned
WELL_248,Field_D,2020-09-04,521.42,195.88,1301.83,1189.32,705.69,24,65.83,Shut-in
WELL_249,Field_A,2020-09-05,449.02,198.68,2209.73,1184.13,714.19,32,94.62,Shut-in
WELL_250,Field_C,2020-09-06,404.74,140.43,1245.11,1183.88,758.79,40,95.96,Abandoned
WELL_251,Field_D,2020-09-07,549.65,237.9,1649.21,1262.76,705.79,32,65.15,Shut-in
WELL_252,Field_B,2020-09-08,502.59,181.44,1558.7,1254.59,714.96,20,88.32,Abandoned
WELL_253,Field_C,2020-09-09,562.75,167.86,1249.47,1286.7,855.67,24,69.31,Active
WELL_254,Field_A,2020-09-10,510.49,200.31,1210.6,1181.11,838.33,32,82.26,Workover
WELL_255,Field_A,2020-09-11,550.48,282.27,1214.34,1323.96,841.75,20,64.71,Abandoned
WELL_256,Field_A,2020-09-12,454.3,181.44,1702.8,1211.46,652.95,32,86.22,Active
WELL_257,Field_A,2020-09-13,452.4,264.06,1727.21,1150.38,645.53,16,66.34,Workover
WELL_258,Field_B,2020-09-14,650.14,170.15,2065.28,1183.89,934.25,20,89.95,Shut-in
WELL_259,Field_B,2020-09-15,487.17,193.1,2032.78,1269.59,796.46,16,80.15,Workover
WELL_260,Field_D,2020-09-16,474.41,202.17,1198.51,1287.97,728.49,20,71.8,Abandoned
WELL_261,Field_A,2020-09-17,576.46,206.68,1378.41,1106.99,769.71,24,74.54,Shut-in
WELL_262,Field_A,2020-09-18,530.21,239.89,1690.1,1294.76,827.86,24,84.91,Workover
WELL_263,Field_C,2020-09-19,474.01,243.98,1484.76,1064.41,934.23,16,99.56,Abandoned
WELL_264,Field_A,2020-09-20,474.23,206.61,1373.26,1279.66,808.63,32,88.4,Active
WELL_265,Field_C,2020-09-21,433.75,194.36,1933.8,1147.03,803.83,24,81.78,Abandoned
WELL_266,Field_B,2020-09-22,516.0,202.9,1284.48,1262.05,863.46,24,89.51,Active
WELL_267,Field_B,2020-09-23,539.18,141.29,1447.35,1186.22,897.56,16,89.13,Shut-in
WELL_268,Field_B,2020-09-24,428.65,166.67,1607.07,1203.92,837.59,40,81.16,Active
WELL_269,Field_A,2020-09-25,488.69,181.11,1677.43,1241.24,749.0,24,72.49,Shut-in
WELL_270,Field_A,2020-09-26,487.21,213.57,1159.95,1110.52,899.46,32,93.97,Active
WELL_271,Field_B,2020-09-27,545.71,260.84,1418.2,1260.6,760.27,20,72.81,Abandoned
WELL_272,Field_B,2020-09-28,554.97,230.43,1462.58,1187.85,748.87,16,81.54,Shut-in
WELL_273,Field_C,2020-09-29,603.32,197.58,1381.34,1265.79,739.43,20,81.49,Abandoned
WELL_274,Field_C,2020-09-30,464.87,178.14,1507.86,1153.37,872.62,32,86.17,Workover
WELL_275,Field_A,2020-10-01,534.85,164.23,1456.25,1057.38,854.14,32,78.39,Active
WELL_276,Field_B,2020-10-02,411.74,201.27,1532.33,1069.16,726.85,32,75.14,Shut-in
WELL_277,Field_D,2020-10-03,466.01,210.24,1681.82,1269.76,730.88,32,86.04,Workover
WELL_278,Field_B,2020-10-04,479.02,169.58,1900.64,1207.28,782.3,32,63.29,Shut-in
WELL_279,Field_A,2020-10-05,520.56,191.06,2264.23,1233.33,708.11,32,72.71,Shut-in
WELL_280,Field_C,2020-10-06,495.49,208.81,1233.01,1214.54,746.52,32,84.76,Workover
WELL_281,Field_A,2020-10-07,374.31,187.71,1491.66,1190.16,1008.69,32,64.79,Abandoned
WELL_282,Field_C,2020-10-08,418.15,229.52,1532.01,1206.96,831.21,20,95.55,Shut-in
WELL_283,Field_D,2020-10-09,568.76,177.84,1910.09,1055.26,851.49,16,83.29,Shut-in
WELL_284,Field_A,2020-10-10,532.43,177.38,1940.83,1254.18,617.63,24,64.68,Abandoned
WELL_285,Field_D,2020-10-11,480.56,209.97,1630.96,1229.64,688.75,24,95.14,Active
WELL_286,Field_B,2020-10-12,384.01,265.06,1458.04,1259.82,891.58,20,84.15,Workover
WELL_287,Field_D,2020-10-13,430.77,137.13,1302.28,1323.42,747.48,40,62.57,Workover
WELL_288,Field_B,2020-10-14,506.46,181.82,1578.66,1246.02,747.54,20,65.8,Active
WELL_289,Field_C,2020-10-15,494.77,222.24,1578.88,1238.75,850.31,16,64.68,Shut-in
WELL_290,Field_D,2020-10-16,440.77,154.13,1312.31,1123.68,766.9,32,64.81,Active
WELL_291,Field_B,2020-10-17,466.2,218.15,1396.96,1145.88,838.44,24,81.14,Abandoned
WELL_292,Field_A,2020-10-18,481.57,200.11,1071.45,1001.4,708.07,20,71.32,Workover
WELL_293,Field_D,2020-10-19,419.57,191.89,1303.35,1228.59,726.97,32,63.67,Workover
WELL_294,Field_D,2020-10-20,502.57,199.83,1515.5,1163.76,784.59,40,94.63,Shut-in
WELL_295,Field_B,2020-10-21,455.87,184.8,1608.3,1248.43,774.71,32,80.88,Shut-in
WELL_296,Field_C,2020-10-22,479.26,281.18,1146.27,1320.81,812.21,20,90.15,Abandoned
WELL_297,Field_A,2020-10-23,568.79,172.42,1962.06,1180.02,847.28,32,70.15,Abandoned
WELL_298,Field_D,2020-10-24,477.8,183.6,1147.83,1200.75,820.37,40,73.35,Shut-in
WELL_299,Field_A,2020-10-25,624.17,198.01,1368.7,1215.31,924.93,32,98.91,Active
WELL_300,Field_A,2020-10-26,543.79,184.49,1500.8,1055.13,703.26,20,63.66,Workover
WELL_301,Field_B,2020-10-27,519.61,206.35,1515.47,1188.66,932.01,32,72.25,Shut-in
WELL_302,Field_D,2020-10-28,540.46,230.43,1495.36,1398.78,840.95,32,71.87,Active
WELL_303,Field_A,2020-10-29,499.26,173.55,2154.7,1340.46,765.12,24,63.36,Shut-in
WELL_304,Field_C,2020-10-30,594.2,212.96,1637.38,1366.23,829.96,40,99.67,Abandoned
WELL_305,Field_D,2020-10-31,493.46,201.03,945.58,1092.96,896.52,20,89.39,Abandoned
WELL_306,Field_D,2020-11-01,547.53,254.08,1432.1,1259.86,865.17,20,96.03,Shut-in
WELL_307,Field_C,2020-11-02,570.81,219.01,1366.93,1145.17,839.19,20,68.44,Workover
WELL_308,Field_A,2020-11-03,473.51,184.45,1740.62,1176.89,742.65,32,92.35,Shut-in
WELL_309,Field_A,2020-11-04,535.34,172.44,1357.24,1108.81,826.79,40,97.58,Workover
WELL_310,Field_B,2020-11-05,540.44,230.73,1506.64,1125.05,919.02,20,73.97,Abandoned
WELL_311,Field_D,2020-11-06,559.66,165.13,1619.92,1155.87,821.03,40,63.53,Active
WELL_312,Field_C,2020-11-07,390.57,206.17,1581.23,1223.92,836.97,16,85.72,Workover
WELL_313,Field_C,2020-11-08,486.11,191.92,1573.08,1305.44,699.25,40,92.23,Shut-in
WELL_314,Field_B,2020-11-09,518.49,183.72,1737.81,1128.31,687.13,40,63.8,Shut-in
WELL_315,Field_C,2020-11-10,634.51,189.46,1662.57,1209.13,728.57,32,95.54,Abandoned
WELL_316,Field_C,2020-11-11,515.38,229.27,1679.23,1493.78,880.01,20,73.91,Abandoned
WELL_317,Field_D,2020-11-12,501.46,239.52,1048.27,1055.25,781.04,40,71.54,Workover
WELL_318,Field_C,2020-11-13,453.62,156.6,1694.88,1165.57,683.3,16,81.98,Active
WELL_319,Field_D,2020-11-14,544.85,194.8,1367.74,1117.09,896.62,16,69.46,Abandoned
WELL_320,Field_D,2020-11-15,459.24,177.88,1782.08,1193.41,922.97,16,92.85,Active
WELL_321,Field_D,2020-11-16,470.6,220.01,1793.28,1157.63,829.68,40,66.33,Abandoned
WELL_322,Field_D,2020-11-17,476.57,177.76,1633.29,1175.34,796.14,24,91.64,Shut-in
WELL_323,Field_D,2020-11-18,540.74,112.46,1164.13,1186.64,730.76,40,65.58,Shut-in
WELL_324,Field_A,2020-11-19,493.16,186.87,1812.24,1502.29,806.17,16,97.1,Abandoned
WELL_325,Field_A,2020-11-20,479.51,244.26,1630.89,1245.78,682.81,40,93.63,Active
WELL_326,Field_D,2020-11-21,580.67,191.22,1721.82,1190.44,731.49,16,64.55,Abandoned
WELL_327,Field_C,2020-11-22,494.64,200.15,1717.23,1355.42,846.36,24,85.43,Abandoned
WELL_328,Field_B,2020-11-23,632.28,252.97,1581.55,1187.43,849.54,20,94.73,Abandoned
WELL_329,Field_A,2020-11-24,490.09,236.59,1402.38,1220.77,796.81,40,77.0,Abandoned
WELL_330,Field_C,2020-11-25,437.98,192.27,1517.71,1136.16,780.58,40,62.56,Active
WELL_331,Field_D,2020-11-26,589.28,202.25,1656.91,1206.18,730.47,24,74.58,Active
WELL_332,Field_D,2020-11-27,550.56,226.54,1441.53,1153.44,886.98,40,99.77,Workover
WELL_333,Field_C,2020-11-28,547.1,215.31,1797.41,1219.76,754.28,40,89.28,Abandoned
WELL_334,Field_A,2020-11-29,539.76,164.9,1558.84,1337.01,767.39,24,79.48,Shut-in
WELL_335,Field_A,2020-11-30,562.23,206.18,1824.42,1155.36,759.13,40,93.16,Active
WELL_336,Field_A,2020-12-01,493.31,167.85,1759.64,1237.27,680.75,20,68.03,Workover
WELL_337,Field_D,2020-12-02,540.66,145.96,1460.83,1123.47,750.46,24,72.16,Workover
WELL_338,Field_A,2020-12-03,466.11,168.56,1636.79,1080.18,922.13,40,77.21,Active
WELL_339,Field_C,2020-12-04,550.74,184.57,1946.01,1389.42,716.83,32,89.63,Shut-in
WELL_340,Field_C,2020-12-05,523.81,211.11,1155.59,1339.8,831.35,16,84.7,Workover
WELL_341,Field_D,2020-12-06,534.74,218.25,1765.01,1182.63,863.26,20,70.14,Workover
WELL_342,Field_C,2020-12-07,602.86,165.75,1643.57,1365.59,921.59,24,71.41,Abandoned
WELL_343,Field_A,2020-12-08,434.08,136.19,936.22,1136.37,854.14,20,88.2,Active
WELL_344,Field_A,2020-12-09,483.65,178.24,1664.27,1127.0,763.61,40,78.45,Shut-in
WELL_345,Field_A,2020-12-10,438.49,176.3,1431.89,1253.13,720.92,32,75.33,Abandoned
WELL_346,Field_D,2020-12-11,464.52,146.03,2064.31,1203.73,744.31,20,85.35,Workover
WELL_347,Field_D,2020-12-12,533.57,192.43,1012.05,1357.31,752.97,32,89.58,Workover
WELL_348,Field_C,2020-12-13,530.83,235.41,1311.66,1286.37,903.78,16,93.94,Workover
WELL_349,Field_A,2020-12-14,427.33,213.41,1123.77,1225.86,763.89,40,88.57,Active
WELL_350,Field_C,2020-12-15,562.13,184.08,1138.96,1134.37,861.5,20,63.39,Abandoned
WELL_351,Field_D,2020-12-16,497.74,206.44,1657.91,1140.79,765.98,20,84.13,Shut-in
WELL_352,Field_A,2020-12-17,527.58,156.85,1344.71,1165.78,880.26,24,83.05,Shut-in
WELL_353,Field_B,2020-12-18,519.32,188.08,1097.31,1231.01,869.75,20,79.19,Workover
WELL_354,Field_A,2020-12-19,483.18,220.16,2195.67,1101.75,707.77,32,90.0,Abandoned
WELL_355,Field_C,2020-12-20,533.52,189.85,1307.78,1157.44,771.0,24,75.67,Active
WELL_356,Field_D,2020-12-21,457.71,212.37,1922.26,1300.36,743.58,40,68.09,Abandoned
WELL_357,Field_B,2020-12-22,530.34,207.15,1712.4,1413.67,680.04,24,65.04,Abandoned
WELL_358,Field_D,2020-12-23,501.5,207.86,1302.77,1068.36,905.92,20,92.9,Abandoned
WELL_359,Field_D,2020-12-24,563.43,212.22,1129.54,1205.75,996.97,24,98.34,Abandoned
WELL_360,Field_D,2020-12-25,481.15,217.38,1383.26,1116.09,597.19,20,73.47,Active
WELL_361,Field_D,2020-12-26,532.01,170.7,1709.77,1313.07,760.98,32,88.36,Abandoned
WELL_362,Field_B,2020-12-27,564.95,248.48,2021.63,1237.92,649.21,24,68.56,Active
WELL_363,Field_A,2020-12-28,602.93,220.69,1739.67,1301.71,779.81,40,65.18,Shut-in
WELL_364,Field_A,2020-12-29,506.4,216.82,1351.69,1237.85,829.17,20,60.97,Abandoned
WELL_365,Field_C,2020-12-30,503.6,179.31,1579.53,1121.57,778.13,32,96.7,Active
WELL_366,Field_A,2020-12-31,539.4,143.01,1288.87,1066.26,821.0,40,72.4,Shut-in
WELL_367,Field_A,2021-01-01,472.24,206.58,1304.49,1244.3,901.06,20,93.25,Active
WELL_368,Field_B,2021-01-02,585.52,209.46,1601.58,1249.68,920.67,24,85.28,Abandoned
WELL_369,Field_A,2021-01-03,545.47,171.89,1600.17,1262.15,717.21,20,91.4,Shut-in
WELL_370,Field_C,2021-01-04,444.93,221.89,1428.57,1463.85,772.55,20,92.91,Workover
WELL_371,Field_D,2021-01-05,517.2,161.06,1598.76,1148.99,818.86,24,79.91,Abandoned
WELL_372,Field_D,2021-01-06,518.46,185.46,1877.19,1172.09,738.08,20,74.45,Abandoned
WELL_373,Field_D,2021-01-07,420.95,279.48,1553.48,1132.76,698.41,16,72.02,Workover
WELL_374,Field_D,2021-01-08,528.46,195.89,951.74,1294.88,763.29,40,94.03,Abandoned
WELL_375,Field_A,2021-01-09,505.23,238.16,1649.69,1334.6,845.48,24,61.01,Active
WELL_376,Field_B,2021-01-10,379.26,203.43,1548.33,1341.12,872.84,16,64.57,Active
WELL_377,Field_B,2021-01-11,471.14,195.14,1115.82,1078.23,680.68,40,91.29,Shut-in
WELL_378,Field_D,2021-01-12,584.3,233.68,1227.19,1210.67,720.03,24,65.21,Shut-in
WELL_379,Field_C,2021-01-13,481.61,139.81,1422.73,1211.93,778.2,32,80.47,Abandoned
WELL_380,Field_D,2021-01-14,467.93,210.87,1516.87,1126.79,811.9,40,72.63,Active
WELL_381,Field_C,2021-01-15,385.64,184.52,1584.68,1285.9,800.03,24,89.44,Workover
WELL_382,Field_B,2021-01-16,486.68,228.89,1615.31,1200.86,754.92,16,89.95,Workover
WELL_383,Field_C,2021-01-17,510.84,189.92,1949.15,1156.61,782.48,24,90.91,Abandoned
WELL_384,Field_A,2021-01-18,509.17,187.18,1816.48,1041.12,703.13,32,81.55,Active
WELL_385,Field_C,2021-01-19,499.96,178.43,1808.54,1103.76,869.72,16,88.63,Shut-in
WELL_386,Field_A,2021-01-20,512.41,262.83,1045.27,1236.89,868.57,16,98.48,Workover
WELL_387,Field_A,2021-01-21,490.47,279.95,1703.66,1105.95,730.45,40,79.63,Active
WELL_388,Field_C,2021-01-22,489.91,172.57,1143.73,1124.68,877.14,32,93.54,Workover
WELL_389,Field_A,2021-01-23,521.75,206.82,1088.52,1344.75,770.52,32,75.33,Workover
WELL_390,Field_A,2021-01-24,485.0,206.22,1776.45,1169.53,892.35,16,71.62,Abandoned
WELL_391,Field_A,2021-01-25,470.86,138.72,1608.3,1021.38,868.66,40,85.7,Abandoned
WELL_392,Field_D,2021-01-26,542.15,214.65,1248.42,1166.56,702.86,20,72.29,Abandoned
WELL_393,Field_B,2021-01-27,498.96,198.36,1206.92,1202.83,745.05,32,95.73,Active
WELL_394,Field_B,2021-01-28,558.73,212.41,1889.28,1278.0,775.4,20,91.3,Workover
WELL_395,Field_A,2021-01-29,587.84,223.65,1234.09,1232.62,856.15,16,94.17,Abandoned
WELL_396,Field_B,2021-01-30,473.89,237.26,1711.44,1312.27,875.1,20,98.77,Active
WELL_397,Field_C,2021-01-31,537.53,214.85,1316.47,1196.82,979.31,32,88.37,Shut-in
WELL_398,Field_A,2021-02-01,446.4,191.45,1762.64,1007.52,808.33,20,80.67,Abandoned
WELL_399,Field_D,2021-02-02,465.57,189.16,1060.94,1379.35,786.2,40,93.67,Active
WELL_400,Field_A,2021-02-03,497.83,233.25,1859.56,1247.78,746.17,32,87.46,Workover
WELL_401,Field_D,2021-02-04,470.77,188.77,1149.62,1245.05,830.3,20,87.0,Active
WELL_402,Field_C,2021-02-05,531.96,208.05,1691.65,1214.93,802.0,16,69.48,Workover
WELL_403,Field_C,2021-02-06,544.42,193.12,1668.92,1162.29,871.02,24,89.6,Active
WELL_404,Field_B,2021-02-07,583.02,245.89,1543.95,1044.21,877.09,24,81.51,Shut-in
WELL_405,Field_A,2021-02-08,420.78,166.58,806.66,1208.71,798.19,40,81.45,Workover
WELL_406,Field_A,2021-02-09,538.88,187.04,1537.73,1395.5,805.35,16,75.53,Workover
WELL_407,Field_A,2021-02-10,556.67,196.24,1268.1,1144.13,722.28,24,78.29,Active
WELL_408,Field_B,2021-02-11,475.38,151.31,1670.9,1379.35,889.12,20,85.19,Shut-in
WELL_409,Field_B,2021-02-12,442.6,217.66,1157.46,1317.32,734.09,32,65.75,Active
WELL_410,Field_D,2021-02-13,424.22,174.24,1704.62,1221.57,723.26,40,72.19,Workover
WELL_411,Field_A,2021-02-14,517.75,178.77,1505.31,1277.48,838.84,16,78.75,Active
WELL_412,Field_D,2021-02-15,488.86,185.97,1558.04,1185.87,795.19,24,71.18,Workover
WELL_413,Field_D,2021-02-16,482.8,233.49,1706.37,1105.28,800.4,24,69.53,Shut-in
WELL_414,Field_C,2021-02-17,495.31,231.47,1428.33,1374.03,698.9,20,87.33,Workover
WELL_415,Field_A,2021-02-18,537.2,248.79,1473.46,1152.54,730.51,16,89.72,Active
WELL_416,Field_A,2021-02-19,415.49,182.28,832.53,1165.68,768.69,20,83.54,Workover
WELL_417,Field_C,2021-02-20,582.5,210.21,1918.73,1262.77,680.56,20,61.08,Shut-in
WELL_418,Field_B,2021-02-21,497.14,190.14,1341.57,1125.42,839.66,40,71.89,Active
WELL_419,Field_B,2021-02-22,463.96,241.61,1248.0,1215.75,869.76,40,62.71,Abandoned
WELL_420,Field_B,2021-02-23,558.58,196.8,1355.44,1143.2,754.83,20,67.99,Abandoned
WELL_421,Field_D,2021-02-24,394.1,183.05,2013.99,1347.57,806.94,20,71.87,Shut-in
WELL_422,Field_D,2021-02-25,479.96,154.05,1884.93,1324.17,757.06,16,62.78,Abandoned
WELL_423,Field_B,2021-02-26,421.42,169.09,1568.67,1324.96,759.99,40,75.28,Active
WELL_424,Field_B,2021-02-27,462.93,191.17,1627.76,1111.86,924.16,24,81.52,Abandoned
WELL_425,Field_D,2021-02-28,594.17,199.27,1104.59,1225.93,863.82,20,99.54,Active
WELL_426,Field_B,2021-03-01,394.84,218.86,1859.59,1033.07,804.1,40,69.74,Shut-in
WELL_427,Field_B,2021-03-02,513.51,189.55,1245.65,1270.18,879.2,20,79.84,Workover
WELL_428,Field_C,2021-03-03,404.16,246.8,1479.75,1174.09,797.76,20,96.79,Workover
WELL_429,Field_D,2021-03-04,539.71,181.55,1221.72,1166.24,941.31,32,87.87,Active
WELL_430,Field_B,2021-03-05,578.69,189.0,1913.89,1140.3,725.18,24,73.09,Shut-in
WELL_431,Field_D,2021-03-06,594.49,139.15,1073.62,1304.31,785.89,20,76.15,Active
WELL_432,Field_B,2021-03-07,511.62,191.25,1801.1,1111.74,750.73,24,85.09,Workover
WELL_433,Field_A,2021-03-08,489.72,171.61,2108.81,1199.43,708.88,40,66.25,Abandoned
WELL_434,Field_B,2021-03-09,535.86,182.64,1503.75,1320.15,855.22,16,78.32,Shut-in
WELL_435,Field_A,2021-03-10,431.42,211.25,1560.94,1359.06,888.92,40,64.48,Workover
WELL_436,Field_C,2021-03-11,521.48,207.58,1460.02,1237.37,794.27,16,94.89,Workover
WELL_437,Field_A,2021-03-12,470.42,232.12,1881.34,1107.3,678.87,20,75.71,Abandoned
WELL_438,Field_C,2021-03-13,464.63,215.88,1051.13,1286.04,736.33,24,61.05,Active
WELL_439,Field_A,2021-03-14,509.38,213.21,1441.83,1172.28,746.46,16,94.04,Abandoned
WELL_440,Field_D,2021-03-15,512.33,222.39,1790.36,1094.75,739.32,32,85.99,Workover
WELL_441,Field_A,2021-03-16,490.65,196.98,1478.02,1374.65,780.07,20,97.56,Shut-in
WELL_442,Field_C,2021-03-17,556.22,170.59,1140.53,1345.87,831.78,16,91.9,Active
WELL_443,Field_A,2021-03-18,496.96,189.25,1055.46,1275.43,946.62,20,60.23,Shut-in
WELL_444,Field_C,2021-03-19,529.38,203.04,1577.56,977.63,730.79,32,76.98,Active
WELL_445,Field_C,2021-03-20,488.07,214.38,1121.49,1292.11,765.18,16,70.55,Active
WELL_446,Field_A,2021-03-21,458.79,148.26,1442.18,1256.76,790.14,16,69.13,Workover
WELL_447,Field_C,2021-03-22,536.8,226.2,1855.87,1435.81,799.58,16,85.17,Abandoned
WELL_448,Field_A,2021-03-23,439.59,199.12,1481.19,1061.8,815.72,40,75.0,Active
WELL_449,Field_D,2021-03-24,446.6,197.21,963.55,1387.99,864.82,20,67.41,Shut-in
WELL_450,Field_D,2021-03-25,459.33,222.93,1694.89,1155.93,853.8,24,81.35,Abandoned
WELL_451,Field_B,2021-03-26,478.59,218.82,1518.49,1223.81,940.36,24,67.63,Active
WELL_452,Field_D,2021-03-27,482.5,210.24,1016.9,1262.42,782.89,20,91.32,Abandoned
WELL_453,Field_A,2021-03-28,432.41,236.72,1457.48,1218.77,755.94,16,81.26,Abandoned
WELL_454,Field_C,2021-03-29,580.97,183.04,1396.81,1292.35,699.48,16,82.82,Active
WELL_455,Field_A,2021-03-30,516.45,223.53,1484.28,1058.52,728.28,24,70.45,Shut-in
WELL_456,Field_C,2021-03-31,471.94,260.2,1761.09,1230.65,692.52,40,64.3,Active
WELL_457,Field_C,2021-04-01,548.53,200.55,1584.13,1083.22,920.61,32,90.59,Active
WELL_458,Field_B,2021-04-02,546.78,166.26,1722.43,1134.74,857.08,20,86.38,Abandoned
WELL_459,Field_B,2021-04-03,462.23,147.96,1603.09,1246.73,878.62,32,62.31,Workover
WELL_460,Field_C,2021-04-04,566.02,181.94,1618.79,1192.22,826.72,20,70.14,Workover
WELL_461,Field_D,2021-04-05,524.82,169.88,996.67,1182.76,777.43,32,65.78,Abandoned
WELL_462,Field_D,2021-04-06,528.74,162.78,1959.97,1030.24,756.08,20,78.29,Abandoned
WELL_463,Field_A,2021-04-07,478.06,219.86,1434.19,1192.31,901.19,20,92.08,Active
WELL_464,Field_B,2021-04-08,464.56,223.79,1361.21,1200.85,747.47,32,76.46,Shut-in
WELL_465,Field_B,2021-04-09,445.43,189.21,1817.83,1325.18,734.35,40,66.35,Active
WELL_466,Field_B,2021-04-10,370.17,148.71,1482.19,1339.16,707.56,32,95.46,Shut-in
WELL_467,Field_C,2021-04-11,487.13,216.15,1721.04,1153.5,808.55,16,92.19,Shut-in
WELL_468,Field_C,2021-04-12,549.53,210.46,1829.75,1282.58,663.88,20,78.43,Shut-in
WELL_469,Field_D,2021-04-13,459.35,207.14,1357.46,1179.79,791.13,16,74.63,Shut-in
WELL_470,Field_C,2021-04-14,405.76,213.7,1387.4,1198.63,823.17,24,63.11,Shut-in
WELL_471,Field_B,2021-04-15,489.24,190.56,1402.38,1164.29,864.9,16,97.1,Shut-in
WELL_472,Field_C,2021-04-16,516.83,211.02,2013.16,1086.71,779.44,20,89.6,Workover
WELL_473,Field_C,2021-04-17,445.01,211.06,1738.91,1196.35,811.33,20,60.36,Active
WELL_474,Field_A,2021-04-18,502.72,160.11,1883.48,1144.7,862.27,32,73.72,Workover
WELL_475,Field_C,2021-04-19,542.88,215.01,1825.4,1185.78,719.02,20,96.35,Shut-in
WELL_476,Field_D,2021-04-20,600.38,149.52,1068.6,1180.37,759.3,16,92.73,Shut-in
WELL_477,Field_C,2021-04-21,489.76,254.03,1539.28,1197.06,682.78,32,74.17,Shut-in
WELL_478,Field_C,2021-04-22,424.35,229.47,1336.71,1032.24,736.31,32,86.18,Active
WELL_479,Field_D,2021-04-23,560.52,180.29,1081.91,1023.3,723.51,24,85.11,Active
WELL_480,Field_B,2021-04-24,475.71,155.28,2075.37,1142.98,882.44,40,85.54,Abandoned
WELL_481,Field_A,2021-04-25,504.35,217.01,1034.44,1107.42,717.38,16,88.2,Shut-in
WELL_482,Field_B,2021-04-26,481.46,232.07,2271.14,1356.13,746.69,40,82.51,Shut-in
WELL_483,Field_D,2021-04-27,472.18,155.41,1945.33,1137.3,703.3,32,65.22,Abandoned
WELL_484,Field_D,2021-04-28,504.38,244.32,1439.4,1185.41,899.08,16,78.62,Active
WELL_485,Field_A,2021-04-29,481.22,223.19,1426.29,1260.84,831.61,16,79.95,Active
WELL_486,Field_B,2021-04-30,510.72,213.12,1269.48,1296.16,778.47,32,86.19,Abandoned
WELL_487,Field_C,2021-05-01,406.28,261.87,1362.48,1338.3,795.64,40,75.82,Abandoned
WELL_488,Field_D,2021-05-02,439.7,263.81,1908.48,1173.11,879.77,32,71.4,Active
WELL_489,Field_B,2021-05-03,439.02,171.52,1313.53,1085.85,870.82,40,82.59,Shut-in
WELL_490,Field_D,2021-05-04,456.26,236.1,1762.38,1174.41,715.26,20,84.52,Shut-in
WELL_491,Field_A,2021-05-05,455.91,162.19,1523.46,1214.83,665.53,32,93.24,Active
WELL_492,Field_D,2021-05-06,559.57,207.65,1579.76,1420.66,751.26,16,81.46,Abandoned
WELL_493,Field_A,2021-05-07,511.03,196.74,1250.07,1351.75,802.48,40,78.82,Shut-in
WELL_494,Field_B,2021-05-08,457.18,160.05,1993.9,1296.89,769.3,32,83.37,Workover
WELL_495,Field_D,2021-05-09,519.37,187.96,1561.7,1092.06,695.45,32,74.83,Abandoned
WELL_496,Field_B,2021-05-10,518.67,188.39,1977.03,1449.84,876.46,32,81.89,Active
WELL_497,Field_B,2021-05-11,466.11,216.57,1231.24,1227.28,678.21,20,98.28,Abandoned
WELL_498,Field_D,2021-05-12,543.65,190.67,1730.4,1241.2,843.56,24,74.32,Shut-in
WELL_499,Field_C,2021-05-13,570.71,170.15,1213.58,1031.06,858.49,40,92.96,Shut-in
WELL_500,Field_B,2021-05-14,561.7,203.01,1395.28,1186.18,758.81,32,89.74,Shut-in
WELL_501,Field_A,2021-05-15,544.92,197.17,1430.1,1168.14,869.58,40,93.95,Abandoned
WELL_502,Field_C,2021-05-16,531.69,238.24,1584.6,1194.24,690.73,16,95.98,Workover
WELL_503,Field_B,2021-05-17,500.71,162.59,1784.1,1261.42,817.75,24,61.65,Workover
WELL_504,Field_D,2021-05-18,534.99,224.41,1725.46,1175.57,860.41,16,81.6,Active
WELL_505,Field_B,2021-05-19,479.17,227.93,1496.57,1237.58,893.35,40,65.0,Shut-in
WELL_506,Field_C,2021-05-20,524.71,198.31,1263.43,1222.68,784.94,32,87.78,Abandoned
WELL_507,Field_B,2021-05-21,468.38,198.34,1679.54,1090.6,752.95,24,73.38,Active
WELL_508,Field_D,2021-05-22,539.48,175.26,1627.57,1344.33,831.36,16,94.1,Active
WELL_509,Field_B,2021-05-23,522.02,193.29,1439.55,1193.3,916.08,40,87.14,Shut-in
WELL_510,Field_D,2021-05-24,468.79,181.61,1809.71,1381.81,808.82,20,69.66,Shut-in
WELL_511,Field_B,2021-05-25,498.79,178.07,1636.7,1301.15,860.84,32,83.66,Active
WELL_512,Field_A,2021-05-26,466.12,289.73,1381.37,1205.1,817.03,16,65.95,Abandoned
WELL_513,Field_A,2021-05-27,491.4,229.4,1571.23,1250.04,688.2,40,69.39,Active
WELL_514,Field_C,2021-05-28,486.67,167.94,1522.85,1087.21,871.17,16,69.93,Shut-in
WELL_515,Field_B,2021-05-29,519.11,223.95,1719.89,1365.96,842.06,24,69.52,Workover
WELL_516,Field_A,2021-05-30,548.04,153.98,1509.07,1197.84,891.79,24,80.85,Abandoned
WELL_517,Field_A,2021-05-31,512.74,197.37,1880.52,1340.33,875.65,24,99.93,Abandoned
WELL_518,Field_B,2021-06-01,482.15,223.45,1373.95,1375.18,742.05,32,64.81,Abandoned
WELL_519,Field_B,2021-06-02,505.6,190.43,1709.62,1177.42,795.07,40,95.12,Shut-in
WELL_520,Field_B,2021-06-03,528.7,213.81,1571.18,1237.44,823.7,24,79.83,Workover
WELL_521,Field_C,2021-06-04,554.36,211.85,1550.99,1097.74,681.73,20,91.31,Workover
WELL_522,Field_C,2021-06-05,531.47,213.59,1198.48,1265.3,687.73,20,94.5,Active
WELL_523,Field_D,2021-06-06,553.09,181.35,1369.9,1387.31,1010.2,20,95.09,Shut-in
WELL_524,Field_D,2021-06-07,539.9,239.62,1562.74,1170.3,744.76,32,85.45,Shut-in
WELL_525,Field_D,2021-06-08,474.59,175.64,1743.21,1200.94,857.22,24,94.07,Abandoned
WELL_526,Field_D,2021-06-09,505.73,181.13,980.73,1083.34,701.21,20,65.98,Abandoned
WELL_527,Field_D,2021-06-10,539.75,224.07,1516.97,1298.77,823.44,16,68.81,Abandoned
WELL_528,Field_C,2021-06-11,515.26,163.97,1194.81,1376.87,628.14,40,82.33,Active
WELL_529,Field_C,2021-06-12,459.19,221.2,1548.38,1336.6,757.04,32,98.32,Active
WELL_530,Field_C,2021-06-13,408.35,220.41,1571.74,1004.52,888.78,20,88.8,Abandoned
WELL_531,Field_A,2021-06-14,544.07,199.48,1032.83,1267.71,1084.72,16,76.54,Shut-in
WELL_532,Field_C,2021-06-15,412.5,225.89,1337.59,1283.6,746.79,24,78.58,Shut-in
WELL_533,Field_D,2021-06-16,445.25,178.05,2020.88,1172.84,661.94,16,63.46,Workover
WELL_534,Field_D,2021-06-17,533.12,175.85,1554.74,1178.1,805.41,24,94.17,Active
WELL_535,Field_C,2021-06-18,491.17,191.12,1681.2,1205.11,874.7,24,95.51,Active
WELL_536,Field_B,2021-06-19,533.57,171.01,1469.0,1250.99,595.88,20,75.58,Abandoned
WELL_537,Field_D,2021-06-20,462.82,159.65,1090.65,1317.86,822.3,20,62.83,Abandoned
WELL_538,Field_C,2021-06-21,499.69,252.76,1696.73,1221.97,840.77,40,89.4,Active
WELL_539,Field_B,2021-06-22,592.64,235.47,1738.92,1182.75,706.21,24,61.92,Workover
WELL_540,Field_A,2021-06-23,574.58,245.17,1684.76,1227.46,715.67,24,68.43,Shut-in
WELL_541,Field_D,2021-06-24,522.85,226.36,1231.22,1284.32,813.04,20,80.64,Workover
WELL_542,Field_B,2021-06-25,541.78,214.6,1626.94,1139.01,857.14,20,77.79,Workover
WELL_543,Field_D,2021-06-26,546.66,215.15,1215.2,1104.24,841.43,32,84.75,Abandoned
WELL_544,Field_C,2021-06-27,474.15,220.53,1233.79,1045.85,858.86,16,97.42,Active
WELL_545,Field_C,2021-06-28,504.25,238.31,1163.0,1304.45,946.17,32,62.54,Abandoned
WELL_546,Field_A,2021-06-29,541.01,184.82,1063.98,1008.38,729.42,24,65.4,Abandoned
WELL_547,Field_C,2021-06-30,525.89,195.39,1375.02,1234.32,704.3,24,86.51,Abandoned
WELL_548,Field_A,2021-07-01,548.45,158.52,1858.79,1186.75,714.34,40,91.02,Abandoned
WELL_549,Field_A,2021-07-02,518.95,144.05,1794.24,1117.21,873.31,16,71.7,Workover
WELL_550,Field_C,2021-07-03,422.05,249.36,2107.22,1143.96,793.45,32,93.3,Shut-in
WELL_551,Field_A,2021-07-04,474.77,190.73,1787.28,1344.99,679.77,40,92.16,Active
WELL_552,Field_C,2021-07-05,393.64,145.44,1507.17,1156.31,889.29,40,89.6,Active
WELL_553,Field_B,2021-07-06,470.67,240.92,2023.04,1203.8,787.28,20,79.62,Shut-in
WELL_554,Field_A,2021-07-07,522.74,232.83,1458.41,1114.82,713.26,16,65.22,Abandoned
WELL_555,Field_B,2021-07-08,515.87,254.29,1800.53,1189.7,648.14,20,74.56,Abandoned
WELL_556,Field_D,2021-07-09,506.24,231.94,1446.75,1088.93,892.58,40,83.49,Workover
WELL_557,Field_A,2021-07-10,505.55,201.18,949.38,1246.41,902.22,16,64.2,Active
WELL_558,Field_A,2021-07-11,478.44,208.1,1138.05,1097.29,623.78,32,62.89,Shut-in
WELL_559,Field_C,2021-07-12,501.38,195.22,1518.56,1182.22,787.34,16,70.56,Active
WELL_560,Field_C,2021-07-13,455.22,185.23,1685.04,1290.31,852.61,32,80.36,Abandoned
WELL_561,Field_A,2021-07-14,562.11,186.78,1690.33,1211.63,819.52,16,64.75,Active
WELL_562,Field_A,2021-07-15,550.59,160.54,1453.88,1404.94,804.0,24,92.27,Abandoned
WELL_563,Field_B,2021-07-16,479.42,156.66,1814.25,1296.18,795.7,20,70.49,Active
WELL_564,Field_A,2021-07-17,469.03,144.89,1202.58,1081.69,958.56,24,96.16,Shut-in
WELL_565,Field_C,2021-07-18,540.19,182.8,845.51,1163.94,641.47,32,69.73,Abandoned
WELL_566,Field_B,2021-07-19,527.34,234.91,947.61,1029.66,806.94,24,66.86,Shut-in
WELL_567,Field_D,2021-07-20,432.3,242.89,1105.05,1175.33,972.14,24,99.25,Workover
WELL_568,Field_C,2021-07-21,490.56,140.45,1098.97,1162.85,999.93,32,77.75,Shut-in
WELL_569,Field_B,2021-07-22,408.32,221.99,1261.81,1268.66,835.98,32,95.15,Shut-in
WELL_570,Field_D,2021-07-23,443.24,196.89,972.09,1186.19,719.2,16,74.37,Abandoned
WELL_571,Field_B,2021-07-24,521.71,195.56,1516.9,1442.3,721.03,20,82.47,Workover
WELL_572,Field_C,2021-07-25,462.39,151.54,1393.7,1143.67,876.24,24,69.9,Active
WELL_573,Field_A,2021-07-26,449.81,181.06,1313.62,1196.88,786.28,40,61.27,Active
WELL_574,Field_D,2021-07-27,522.28,218.25,1702.0,1035.39,921.57,24,91.47,Active
WELL_575,Field_D,2021-07-28,546.57,223.86,1549.48,1310.76,742.89,32,66.44,Workover
WELL_576,Field_A,2021-07-29,483.8,248.51,1251.78,1303.69,879.95,24,64.75,Workover
WELL_577,Field_A,2021-07-30,442.0,168.0,1497.7,1228.57,846.92,24,65.39,Workover
WELL_578,Field_A,2021-07-31,511.32,181.59,1443.96,1306.73,646.19,32,78.13,Abandoned
WELL_579,Field_C,2021-08-01,512.97,166.89,1752.23,1190.66,806.59,40,65.61,Workover
WELL_580,Field_B,2021-08-02,586.8,159.68,1272.3,1140.15,803.8,16,91.91,Workover
WELL_581,Field_A,2021-08-03,487.33,242.32,1594.47,1340.22,702.04,40,97.23,Active
WELL_582,Field_B,2021-08-04,528.39,206.4,1793.05,1249.83,826.96,20,79.75,Active
WELL_583,Field_A,2021-08-05,577.91,153.72,1247.47,1254.73,609.93,32,89.61,Abandoned
WELL_584,Field_D,2021-08-06,587.31,190.68,1732.65,1107.3,615.95,40,76.07,Workover
WELL_585,Field_C,2021-08-07,506.26,194.8,1540.43,1149.41,616.23,24,66.17,Shut-in
WELL_586,Field_D,2021-08-08,419.88,141.17,1154.26,1136.39,713.17,32,60.46,Workover
WELL_587,Field_C,2021-08-09,493.24,214.72,1736.74,1241.62,750.31,24,99.94,Shut-in
WELL_588,Field_B,2021-08-10,561.94,206.72,1106.6,1101.86,803.25,20,91.16,Shut-in
WELL_589,Field_A,2021-08-11,518.2,181.42,1490.66,1240.87,805.25,32,67.53,Active
WELL_590,Field_A,2021-08-12,506.37,177.91,1887.45,1105.06,669.46,40,68.28,Active
WELL_591,Field_A,2021-08-13,501.96,181.66,1366.7,1464.76,748.5,24,81.34,Abandoned
WELL_592,Field_D,2021-08-14,559.07,254.26,1483.26,1129.31,816.57,40,69.86,Workover
WELL_593,Field_C,2021-08-15,558.7,196.55,1729.0,1189.19,741.18,20,67.91,Abandoned
WELL_594,Field_D,2021-08-16,501.41,127.98,880.89,1165.99,821.95,16,82.48,Active
WELL_595,Field_B,2021-08-17,537.21,199.48,1635.34,1134.08,698.2,40,84.28,Abandoned
WELL_596,Field_A,2021-08-18,378.68,201.77,1698.23,1201.74,794.63,16,69.34,Active
WELL_597,Field_D,2021-08-19,569.33,196.61,1650.47,1305.83,709.86,40,69.12,Abandoned
WELL_598,Field_C,2021-08-20,504.47,210.01,1738.39,1120.39,911.33,40,97.3,Shut-in
WELL_599,Field_C,2021-08-21,415.23,200.59,1360.02,1143.43,837.19,24,82.36,Workover
WELL_600,Field_C,2021-08-22,516.17,178.19,1713.39,1153.55,757.59,40,78.05,Workover
WELL_601,Field_A,2021-08-23,448.64,196.92,2270.59,1175.14,867.52,24,95.91,Active
WELL_602,Field_A,2021-08-24,493.55,189.5,960.57,1198.05,843.11,20,75.67,Abandoned
WELL_603,Field_D,2021-08-25,481.22,200.2,1864.14,1097.51,661.06,40,69.78,Abandoned
WELL_604,Field_D,2021-08-26,532.71,193.36,1341.84,1080.53,798.25,32,75.93,Abandoned
WELL_605,Field_B,2021-08-27,530.29,235.17,1777.41,1230.69,858.69,20,75.65,Workover
WELL_606,Field_A,2021-08-28,539.03,269.81,1119.34,1149.66,839.07,20,95.94,Workover
WELL_607,Field_B,2021-08-29,451.74,220.02,1983.23,1239.99,765.73,32,85.19,Shut-in
WELL_608,Field_D,2021-08-30,483.93,227.73,1755.19,1099.61,797.61,32,66.32,Abandoned
WELL_609,Field_D,2021-08-31,517.71,211.18,1227.18,943.71,914.43,20,85.0,Active
WELL_610,Field_C,2021-09-01,591.41,180.57,1553.07,1263.57,770.78,24,97.41,Active
WELL_611,Field_C,2021-09-02,481.84,225.21,1221.98,1196.68,860.92,20,89.48,Abandoned
WELL_612,Field_B,2021-09-03,522.97,190.54,1211.05,1095.62,875.28,24,67.77,Abandoned
WELL_613,Field_A,2021-09-04,431.18,191.19,1658.3,1068.06,813.61,40,88.64,Abandoned
WELL_614,Field_C,2021-09-05,527.95,220.11,1654.08,1210.18,950.64,24,72.55,Workover
WELL_615,Field_B,2021-09-06,540.77,195.23,1260.57,1330.04,717.51,20,93.02,Active
WELL_616,Field_D,2021-09-07,496.31,280.54,1636.17,1276.35,726.55,16,98.78,Abandoned
WELL_617,Field_A,2021-09-08,461.49,169.11,1389.87,1024.96,827.92,32,73.51,Workover
WELL_618,Field_D,2021-09-09,492.75,202.84,1447.22,1182.82,859.68,32,96.76,Shut-in
WELL_619,Field_D,2021-09-10,445.71,155.08,1654.46,1472.8,702.37,32,62.41,Abandoned
WELL_620,Field_C,2021-09-11,525.33,213.79,1225.49,1047.76,885.53,24,97.62,Shut-in
WELL_621,Field_A,2021-09-12,522.29,240.73,1682.12,1139.54,802.73,40,63.22,Active
WELL_622,Field_D,2021-09-13,448.55,195.1,1217.34,1262.93,902.39,24,60.71,Active
WELL_623,Field_C,2021-09-14,513.39,179.14,1564.82,1130.14,896.91,16,78.84,Active
WELL_624,Field_C,2021-09-15,519.99,226.2,1774.88,1052.0,712.54,32,89.45,Shut-in
WELL_625,Field_D,2021-09-16,533.58,242.71,1445.65,1288.56,832.57,16,71.69,Shut-in
WELL_626,Field_C,2021-09-17,450.46,171.43,1600.85,1116.19,804.18,40,78.44,Abandoned
WELL_627,Field_B,2021-09-18,542.11,162.23,1339.76,1147.58,811.1,20,74.82,Active
WELL_628,Field_A,2021-09-19,415.06,186.93,1400.34,1321.15,741.91,16,68.27,Shut-in
WELL_629,Field_B,2021-09-20,506.94,176.67,1730.09,1188.83,781.07,16,68.72,Active
WELL_630,Field_A,2021-09-21,516.45,186.14,752.67,1240.9,786.27,24,66.55,Workover
WELL_631,Field_A,2021-09-22,531.57,212.87,1185.54,1212.12,840.15,32,63.39,Active
WELL_632,Field_A,2021-09-23,451.11,256.77,2197.5,1170.34,658.98,20,95.58,Workover
WELL_633,Field_D,2021-09-24,491.83,211.86,1083.13,1171.11,716.65,20,63.31,Abandoned
WELL_634,Field_D,2021-09-25,521.13,202.47,1337.96,1214.5,797.89,20,99.27,Active
WELL_635,Field_B,2021-09-26,480.55,262.62,1429.69,1100.93,835.73,32,75.78,Active
WELL_636,Field_D,2021-09-27,575.19,217.61,1804.71,1199.79,729.07,40,89.06,Workover
WELL_637,Field_C,2021-09-28,429.52,181.3,1529.92,1164.48,803.42,32,91.52,Shut-in
WELL_638,Field_D,2021-09-29,490.18,199.34,1637.95,1371.15,643.78,20,72.35,Active
WELL_639,Field_D,2021-09-30,444.11,171.91,1699.82,1015.77,855.12,40,98.64,Shut-in
WELL_640,Field_B,2021-10-01,476.99,224.79,1356.73,1277.44,816.98,20,80.1,Abandoned
WELL_641,Field_B,2021-10-02,544.01,199.1,1605.54,1294.47,749.8,24,84.86,Workover
WELL_642,Field_D,2021-10-03,421.06,218.45,1760.79,1214.96,971.06,24,61.52,Shut-in
WELL_643,Field_A,2021-10-04,535.52,188.37,1575.95,1237.05,913.32,40,65.18,Abandoned
WELL_644,Field_B,2021-10-05,424.43,186.9,1573.83,1161.6,792.87,40,75.22,Abandoned
WELL_645,Field_B,2021-10-06,520.03,174.26,1146.51,1124.37,802.44,20,89.71,Active
WELL_646,Field_C,2021-10-07,411.9,197.58,1160.68,1272.89,809.17,16,81.49,Shut-in
WELL_647,Field_C,2021-10-08,483.59,113.21,989.67,1019.83,770.7,32,77.51,Shut-in
WELL_648,Field_A,2021-10-09,526.63,125.43,1552.06,1230.83,808.53,16,67.81,Shut-in
WELL_649,Field_D,2021-10-10,477.56,188.09,1701.29,1319.63,886.44,20,90.95,Shut-in
WELL_650,Field_A,2021-10-11,465.43,182.1,1403.34,1257.44,726.15,24,72.82,Active
WELL_651,Field_C,2021-10-12,527.5,215.9,1146.6,988.0,748.46,24,83.35,Active
WELL_652,Field_B,2021-10-13,507.71,167.05,1568.92,1270.6,854.59,32,94.6,Active
WELL_653,Field_B,2021-10-14,528.28,238.55,1020.23,1179.92,815.22,24,83.37,Active
WELL_654,Field_D,2021-10-15,460.67,179.59,1078.39,1491.61,784.37,40,81.45,Abandoned
WELL_655,Field_B,2021-10-16,547.41,176.31,1290.96,1202.34,726.16,40,89.08,Workover
WELL_656,Field_A,2021-10-17,523.9,152.69,1372.62,1203.02,857.67,16,98.33,Abandoned
WELL_657,Field_C,2021-10-18,507.29,235.15,1555.46,1087.32,669.1,24,82.43,Workover
WELL_658,Field_D,2021-10-19,630.37,242.87,1792.27,1378.7,735.39,32,97.67,Shut-in
WELL_659,Field_D,2021-10-20,600.35,131.13,1874.14,1343.94,687.86,32,90.56,Workover
WELL_660,Field_C,2021-10-21,527.46,136.25,1668.27,1095.62,708.77,40,65.75,Shut-in
WELL_661,Field_A,2021-10-22,530.97,239.92,1554.9,1298.69,691.9,20,65.13,Shut-in
WELL_662,Field_A,2021-10-23,471.01,204.21,1469.24,1217.88,664.67,24,80.66,Active
WELL_663,Field_C,2021-10-24,475.43,227.24,1165.98,1243.31,792.78,40,84.3,Shut-in
WELL_664,Field_B,2021-10-25,524.64,199.33,1621.4,1369.47,810.98,40,82.45,Active
WELL_665,Field_A,2021-10-26,476.0,163.33,1623.29,1142.2,861.52,24,78.7,Workover
WELL_666,Field_C,2021-10-27,571.03,167.24,1686.27,1160.34,765.89,16,74.54,Workover
WELL_667,Field_D,2021-10-28,497.49,189.06,1732.43,1247.96,738.45,32,91.33,Abandoned
WELL_668,Field_B,2021-10-29,448.49,244.45,1407.86,1314.76,805.32,40,89.17,Workover
WELL_669,Field_D,2021-10-30,396.75,224.66,1602.18,1117.21,694.78,20,83.96,Shut-in
WELL_670,Field_A,2021-10-31,416.45,198.11,1426.69,1168.5,893.35,20,93.06,Shut-in
WELL_671,Field_C,2021-11-01,485.31,186.31,1721.13,1185.47,764.07,24,75.16,Active
WELL_672,Field_C,2021-11-02,512.79,197.05,1613.55,1131.3,802.92,32,86.7,Abandoned
WELL_673,Field_B,2021-11-03,522.61,224.72,1442.75,1251.49,744.09,32,84.98,Shut-in
WELL_674,Field_D,2021-11-04,534.39,196.79,1939.58,1258.69,729.0,24,72.59,Abandoned
WELL_675,Field_B,2021-11-05,493.78,198.41,1357.85,1347.62,712.91,32,72.53,Workover
WELL_676,Field_B,2021-11-06,527.36,216.1,1925.05,1236.44,802.05,32,65.84,Active
WELL_677,Field_D,2021-11-07,517.13,190.73,1601.69,1220.05,948.45,24,78.13,Shut-in
WELL_678,Field_B,2021-11-08,591.57,165.63,1599.73,1075.7,827.0,20,85.61,Active
WELL_679,Field_D,2021-11-09,472.58,201.29,1317.82,1172.06,711.89,16,74.3,Abandoned
WELL_680,Field_C,2021-11-10,516.42,224.35,1737.33,1097.19,845.89,16,68.18,Workover
WELL_681,Field_B,2021-11-11,596.81,212.8,1523.54,1301.93,757.16,32,64.75,Active
WELL_682,Field_B,2021-11-12,576.11,225.28,1114.22,1422.89,794.83,20,85.76,Abandoned
WELL_683,Field_D,2021-11-13,560.48,235.27,1307.95,1024.34,844.05,20,99.78,Shut-in
WELL_684,Field_B,2021-11-14,569.86,186.44,1668.42,1223.23,843.13,40,85.21,Workover
WELL_685,Field_D,2021-11-15,486.75,172.61,1344.93,1269.39,820.31,16,67.23,Workover
WELL_686,Field_B,2021-11-16,500.53,196.3,1806.88,1073.78,820.83,40,73.61,Workover
WELL_687,Field_B,2021-11-17,498.99,194.77,1473.87,1205.35,846.08,32,92.8,Shut-in
WELL_688,Field_B,2021-11-18,520.02,189.62,1314.78,1280.26,748.1,16,69.52,Workover
WELL_689,Field_B,2021-11-19,488.15,176.4,955.88,1182.09,856.8,24,77.64,Active
WELL_690,Field_B,2021-11-20,451.82,170.34,1691.07,1314.86,912.0,40,60.55,Active
WELL_691,Field_D,2021-11-21,393.22,161.5,1280.89,1120.6,860.07,40,83.0,Shut-in
WELL_692,Field_A,2021-11-22,576.26,199.99,1448.46,1219.94,851.04,16,77.45,Shut-in
WELL_693,Field_A,2021-11-23,489.65,104.44,1613.12,1207.6,721.08,20,96.36,Abandoned
WELL_694,Field_A,2021-11-24,496.67,233.34,1361.48,1385.06,859.17,20,97.61,Shut-in
WELL_695,Field_A,2021-11-25,517.84,195.9,1458.37,1274.48,695.55,24,83.0,Shut-in
WELL_696,Field_B,2021-11-26,507.13,252.69,1272.71,1397.18,748.51,16,72.18,Abandoned
WELL_697,Field_A,2021-11-27,518.98,235.86,1942.01,1107.64,758.72,16,94.14,Workover
WELL_698,Field_B,2021-11-28,442.69,196.73,1582.69,1192.23,719.31,20,83.21,Abandoned
WELL_699,Field_C,2021-11-29,504.34,212.21,1361.7,1228.83,884.04,24,74.87,Abandoned
WELL_700,Field_D,2021-11-30,401.48,221.8,1082.2,944.98,843.96,40,72.46,Workover
WELL_701,Field_D,2021-12-01,502.37,160.67,1766.69,1047.88,836.77,20,91.28,Abandoned
WELL_702,Field_C,2021-12-02,384.19,166.91,1188.21,1089.9,766.59,20,98.82,Shut-in
WELL_703,Field_B,2021-12-03,486.05,192.58,1384.15,1414.93,799.44,32,91.19,Workover
WELL_704,Field_B,2021-12-04,523.52,192.33,1908.13,964.07,659.56,20,74.58,Workover
WELL_705,Field_D,2021-12-05,453.71,196.74,1159.04,1241.63,851.59,24,97.72,Workover
WELL_706,Field_D,2021-12-06,530.2,173.27,1401.43,1410.96,732.74,16,80.56,Shut-in
WELL_707,Field_D,2021-12-07,433.56,249.74,1465.78,1143.72,738.07,40,84.16,Abandoned
WELL_708,Field_D,2021-12-08,422.29,215.79,1536.66,1248.34,810.07,40,73.06,Shut-in
WELL_709,Field_A,2021-12-09,524.4,199.79,1914.58,1257.93,939.24,24,66.69,Abandoned
WELL_710,Field_D,2021-12-10,496.57,205.73,1604.69,1052.47,805.4,16,82.67,Abandoned
WELL_711,Field_A,2021-12-11,530.47,256.9,1872.46,1231.75,854.49,20,68.91,Active
WELL_712,Field_D,2021-12-12,478.24,150.14,1065.79,1114.87,891.71,16,69.94,Workover
WELL_713,Field_D,2021-12-13,536.72,189.66,1895.49,1150.18,799.1,32,91.88,Active
WELL_714,Field_A,2021-12-14,505.96,176.91,414.81,1208.43,810.9,40,96.3,Abandoned
WELL_715,Field_C,2021-12-15,502.54,215.4,1474.78,1358.56,531.13,32,71.41,Workover
WELL_716,Field_B,2021-12-16,439.04,209.35,1669.17,1327.99,963.21,32,71.4,Abandoned
WELL_717,Field_D,2021-12-17,526.91,252.88,1221.44,1255.68,703.22,16,69.16,Workover
WELL_718,Field_D,2021-12-18,518.05,210.4,1402.25,1015.23,802.64,16,80.63,Active
WELL_719,Field_C,2021-12-19,510.22,237.73,1877.63,1355.5,915.02,20,81.03,Active
WELL_720,Field_B,2021-12-20,485.66,211.44,1794.37,1258.74,897.29,16,72.44,Abandoned
WELL_721,Field_B,2021-12-21,472.47,193.52,1622.07,1172.66,938.83,32,78.68,Shut-in
WELL_722,Field_C,2021-12-22,459.63,194.08,1502.56,1150.76,672.03,40,79.32,Abandoned
WELL_723,Field_C,2021-12-23,544.65,180.06,1122.59,1126.18,864.34,32,67.51,Abandoned
WELL_724,Field_B,2021-12-24,456.62,231.55,1921.7,1241.97,837.71,40,62.34,Workover
WELL_725,Field_B,2021-12-25,454.2,179.87,1500.52,1349.54,834.45,32,80.89,Active
WELL_726,Field_D,2021-12-26,483.01,166.1,1893.45,1082.17,869.34,24,81.44,Abandoned
WELL_727,Field_B,2021-12-27,519.38,231.42,1561.67,1378.41,832.82,24,90.91,Workover
WELL_728,Field_A,2021-12-28,542.85,236.05,1245.19,1186.97,753.83,32,86.5,Active
WELL_729,Field_C,2021-12-29,496.87,180.23,1379.83,1170.19,901.21,32,80.75,Active
WELL_730,Field_C,2021-12-30,503.65,170.27,1854.71,1187.8,762.7,16,77.4,Shut-in
WELL_731,Field_A,2021-12-31,484.89,222.01,1257.76,1114.02,814.08,20,76.53,Active
WELL_732,Field_A,2022-01-01,488.54,178.76,1439.15,1339.74,570.24,40,87.46,Abandoned
WELL_733,Field_A,2022-01-02,434.21,231.97,1249.95,1176.01,862.26,40,81.23,Shut-in
WELL_734,Field_C,2022-01-03,505.1,215.14,1143.87,1233.05,788.19,40,85.37,Abandoned
WELL_735,Field_C,2022-01-04,501.74,155.53,1847.45,1240.94,842.85,24,78.25,Workover
WELL_736,Field_D,2022-01-05,550.84,177.51,1787.42,1153.05,801.26,16,78.8,Active
WELL_737,Field_D,2022-01-06,430.85,209.12,1421.41,1179.65,839.17,16,67.84,Abandoned
WELL_738,Field_D,2022-01-07,528.11,201.48,1542.11,1175.42,801.44,20,84.02,Workover
WELL_739,Field_B,2022-01-08,439.22,170.79,1573.73,1313.69,713.26,40,73.01,Workover
WELL_740,Field_C,2022-01-09,395.04,198.22,1742.41,1178.98,897.16,20,86.0,Active
WELL_741,Field_D,2022-01-10,459.76,221.99,1562.2,1315.97,696.48,24,91.99,Active
WELL_742,Field_C,2022-01-11,495.04,128.19,1457.14,1366.11,824.96,16,64.11,Workover
WELL_743,Field_B,2022-01-12,480.85,234.72,1953.13,1321.09,716.96,24,62.28,Workover
WELL_744,Field_A,2022-01-13,540.37,154.43,1987.56,1205.09,862.31,24,80.87,Active
WELL_745,Field_B,2022-01-14,463.5,213.49,1148.85,1069.23,732.17,32,69.37,Workover
WELL_746,Field_C,2022-01-15,416.88,225.18,1385.33,1391.71,840.63,40,85.97,Active
WELL_747,Field_D,2022-01-16,479.58,167.83,1345.22,1257.06,895.1,32,79.52,Abandoned
WELL_748,Field_C,2022-01-17,513.69,218.69,1093.44,1104.54,853.86,20,64.76,Active
WELL_749,Field_B,2022-01-18,514.46,216.19,1386.88,967.29,739.23,20,70.16,Workover
WELL_750,Field_C,2022-01-19,458.07,224.84,1627.53,1272.6,773.49,32,95.37,Shut-in
WELL_751,Field_B,2022-01-20,419.87,207.58,1638.09,1158.75,719.59,16,85.58,Workover
WELL_752,Field_D,2022-01-21,480.82,189.78,2423.6,1233.81,790.03,16,92.89,Shut-in
WELL_753,Field_C,2022-01-22,440.34,218.14,1646.36,1107.3,792.11,16,75.11,Workover
WELL_754,Field_B,2022-01-23,481.93,160.77,1689.49,1108.76,798.2,24,98.3,Abandoned
WELL_755,Field_A,2022-01-24,472.57,193.92,1237.87,1059.43,862.9,16,68.64,Abandoned
WELL_756,Field_A,2022-01-25,451.31,229.26,1772.78,1259.64,758.46,16,91.68,Abandoned
WELL_757,Field_D,2022-01-26,469.61,196.14,1511.45,1050.47,827.73,24,91.88,Active
WELL_758,Field_D,2022-01-27,563.65,163.23,1564.96,1309.66,791.94,24,92.87,Shut-in
WELL_759,Field_B,2022-01-28,511.71,220.83,941.7,1182.2,780.47,16,81.02,Workover
WELL_760,Field_D,2022-01-29,435.58,205.31,1314.57,1323.67,817.03,20,65.76,Workover
WELL_761,Field_C,2022-01-30,535.43,164.79,1469.03,1357.75,749.32,32,72.48,Active
WELL_762,Field_B,2022-01-31,529.27,216.75,1268.68,1033.14,670.53,16,61.34,Abandoned
WELL_763,Field_B,2022-02-01,494.68,178.32,1418.15,1443.45,902.49,20,68.31,Shut-in
WELL_764,Field_D,2022-02-02,475.19,242.66,1743.68,1167.08,851.81,24,83.26,Workover
WELL_765,Field_A,2022-02-03,552.52,278.77,1515.48,1238.06,738.35,32,65.65,Workover
WELL_766,Field_C,2022-02-04,384.53,232.71,1551.53,1322.52,859.75,16,95.01,Shut-in
WELL_767,Field_D,2022-02-05,472.06,160.38,1432.36,1298.55,813.13,24,97.53,Abandoned
WELL_768,Field_C,2022-02-06,584.5,172.38,1393.34,1030.02,829.05,32,74.02,Active
WELL_769,Field_B,2022-02-07,437.98,162.52,1794.65,1253.44,793.25,16,64.86,Workover
WELL_770,Field_B,2022-02-08,424.11,212.68,1732.26,1345.99,749.44,32,66.37,Workover
WELL_771,Field_A,2022-02-09,471.76,170.66,1307.16,1165.9,761.66,24,81.67,Abandoned
WELL_772,Field_B,2022-02-10,474.2,173.3,1822.29,1007.98,849.62,20,62.73,Active
WELL_773,Field_A,2022-02-11,477.07,250.91,1148.59,1207.3,830.61,24,62.09,Active
WELL_774,Field_B,2022-02-12,468.79,172.54,1146.1,1010.7,991.35,20,73.88,Workover
WELL_775,Field_A,2022-02-13,517.03,186.7,1400.06,1282.19,846.5,32,87.69,Abandoned
WELL_776,Field_D,2022-02-14,439.96,230.79,1259.01,1364.79,854.68,40,61.63,Workover
WELL_777,Field_C,2022-02-15,408.63,217.18,1512.59,1016.44,791.94,20,79.03,Active
WELL_778,Field_C,2022-02-16,512.45,187.1,2125.24,1208.57,862.72,20,99.59,Workover
WELL_779,Field_B,2022-02-17,477.53,244.25,1555.36,1145.64,798.98,40,67.34,Workover
WELL_780,Field_B,2022-02-18,567.23,191.48,1342.37,1103.42,863.58,16,70.22,Abandoned
WELL_781,Field_B,2022-02-19,538.11,196.38,1269.25,1247.5,877.86,32,87.69,Workover
WELL_782,Field_D,2022-02-20,454.56,167.26,1423.32,1144.21,828.68,40,63.48,Workover
WELL_783,Field_D,2022-02-21,492.91,238.33,1647.53,928.15,799.24,32,93.51,Workover
WELL_784,Field_A,2022-02-22,492.4,142.11,1880.33,1221.49,779.52,20,62.27,Workover
WELL_785,Field_C,2022-02-23,439.76,185.81,1744.82,1148.31,841.71,24,63.47,Workover
WELL_786,Field_C,2022-02-24,505.38,141.93,1582.8,1286.01,720.8,40,80.45,Active
WELL_787,Field_D,2022-02-25,537.51,213.69,1473.25,1117.87,798.42,24,70.23,Workover
WELL_788,Field_A,2022-02-26,507.35,198.77,1105.06,1296.89,790.17,40,66.78,Abandoned
WELL_789,Field_D,2022-02-27,554.49,203.91,1101.55,1066.54,791.16,24,81.8,Workover
WELL_790,Field_B,2022-02-28,551.54,180.56,1566.51,1085.75,793.3,24,64.17,Abandoned
WELL_791,Field_A,2022-03-01,506.85,205.25,1467.95,1189.79,680.01,24,79.81,Abandoned
WELL_792,Field_A,2022-03-02,510.19,197.93,1308.65,1103.86,812.05,24,60.68,Workover
WELL_793,Field_A,2022-03-03,502.12,207.32,1653.04,1227.21,681.3,32,76.34,Active
WELL_794,Field_D,2022-03-04,402.48,245.6,1176.21,1211.28,765.92,24,95.26,Abandoned
WELL_795,Field_C,2022-03-05,496.75,178.1,1370.36,1229.86,885.06,40,62.39,Shut-in
WELL_796,Field_D,2022-03-06,428.02,300.74,2040.14,1437.56,759.34,32,85.25,Shut-in
WELL_797,Field_C,2022-03-07,545.8,217.5,2137.31,1200.84,914.56,32,95.92,Shut-in
WELL_798,Field_B,2022-03-08,515.2,216.6,1123.68,1157.26,879.68,40,72.24,Shut-in
WELL_799,Field_B,2022-03-09,590.1,179.73,1149.93,1058.72,736.45,32,60.44,Shut-in
WELL_800,Field_B,2022-03-10,511.23,193.19,1132.79,1243.47,870.45,24,65.33,Shut-in
WELL_801,Field_C,2022-03-11,471.09,240.16,1419.5,1297.85,855.95,16,87.7,Active
WELL_802,Field_B,2022-03-12,607.96,203.92,1123.11,1242.25,944.05,24,64.24,Abandoned
WELL_803,Field_D,2022-03-13,433.74,155.54,1562.79,1311.81,761.74,20,90.15,Shut-in
WELL_804,Field_B,2022-03-14,600.9,230.7,1706.0,1225.47,826.39,20,92.93,Active
WELL_805,Field_D,2022-03-15,500.49,157.41,1742.91,1285.64,846.3,24,91.94,Shut-in
WELL_806,Field_A,2022-03-16,529.93,197.68,1208.49,1237.64,944.62,20,85.45,Workover
WELL_807,Field_D,2022-03-17,583.03,199.94,1391.86,1227.52,648.88,24,73.09,Abandoned
WELL_808,Field_A,2022-03-18,553.94,175.47,1637.02,1246.9,825.63,24,88.05,Shut-in
WELL_809,Field_C,2022-03-19,492.81,163.26,1636.32,1375.96,783.96,20,96.08,Shut-in
WELL_810,Field_C,2022-03-20,505.56,215.36,1671.82,1115.38,739.28,40,92.5,Abandoned
WELL_811,Field_D,2022-03-21,516.46,250.07,1567.7,1205.18,870.97,24,89.08,Workover
WELL_812,Field_A,2022-03-22,506.11,228.52,1903.49,1234.49,791.4,40,64.12,Abandoned
WELL_813,Field_B,2022-03-23,536.95,197.75,1678.74,1250.29,922.25,40,83.88,Active
WELL_814,Field_A,2022-03-24,479.06,207.71,2126.38,1413.36,763.26,32,61.0,Active
WELL_815,Field_C,2022-03-25,398.18,219.65,1230.22,1214.65,836.9,32,77.64,Abandoned
WELL_816,Field_A,2022-03-26,476.52,232.07,1485.73,1345.54,703.55,24,85.14,Shut-in
WELL_817,Field_C,2022-03-27,492.41,169.41,1239.22,1258.93,893.89,20,75.12,Active
WELL_818,Field_B,2022-03-28,483.73,204.1,1554.13,1367.17,834.32,16,77.06,Abandoned
WELL_819,Field_C,2022-03-29,532.13,146.14,1516.76,1131.02,906.81,40,79.38,Abandoned
WELL_820,Field_A,2022-03-30,532.58,242.48,1469.57,1104.21,867.96,32,78.54,Abandoned
WELL_821,Field_B,2022-03-31,483.29,183.01,1384.8,1269.52,710.02,16,98.34,Abandoned
WELL_822,Field_A,2022-04-01,563.34,186.93,1150.49,1268.9,833.0,40,77.59,Shut-in
WELL_823,Field_D,2022-04-02,581.68,180.24,1061.4,1107.84,811.18,20,80.92,Workover
WELL_824,Field_D,2022-04-03,496.94,173.52,1753.48,1224.03,831.61,16,77.0,Abandoned
WELL_825,Field_D,2022-04-04,617.45,220.75,618.07,1267.79,891.5,16,68.79,Abandoned
WELL_826,Field_A,2022-04-05,417.7,191.59,1807.32,1001.56,903.63,40,93.61,Active
WELL_827,Field_D,2022-04-06,435.89,171.06,1545.63,1240.45,938.75,16,88.42,Active
WELL_828,Field_A,2022-04-07,470.76,210.34,1411.42,1182.65,707.42,40,98.44,Abandoned
WELL_829,Field_B,2022-04-08,560.11,223.6,1311.35,1215.53,767.91,32,62.43,Workover
WELL_830,Field_C,2022-04-09,542.83,221.68,1578.36,1389.24,721.89,24,67.87,Shut-in
WELL_831,Field_C,2022-04-10,540.27,208.58,1672.27,1183.97,855.88,40,75.72,Workover
WELL_832,Field_B,2022-04-11,541.88,213.71,1428.11,1140.42,807.45,24,83.92,Workover
WELL_833,Field_D,2022-04-12,567.64,180.85,1636.86,1090.76,736.97,20,74.32,Abandoned
WELL_834,Field_C,2022-04-13,425.87,199.94,1250.17,1433.81,871.43,40,75.82,Workover
WELL_835,Field_B,2022-04-14,479.7,270.88,1394.9,1179.39,732.69,24,85.6,Abandoned
WELL_836,Field_B,2022-04-15,451.09,267.96,2111.11,1109.63,975.07,16,61.26,Shut-in
WELL_837,Field_C,2022-04-16,548.76,216.76,1244.7,1172.17,785.21,24,71.32,Shut-in
WELL_838,Field_A,2022-04-17,492.01,197.31,1171.95,1261.79,846.53,24,80.23,Active
WELL_839,Field_C,2022-04-18,566.38,174.22,1449.78,1411.79,627.02,40,72.71,Workover
WELL_840,Field_C,2022-04-19,502.17,249.63,1863.08,1278.86,923.35,24,60.03,Active
WELL_841,Field_A,2022-04-20,458.96,153.45,1117.13,1217.87,814.39,16,62.32,Abandoned
WELL_842,Field_C,2022-04-21,480.68,210.33,1976.86,1164.98,797.02,40,75.61,Shut-in
WELL_843,Field_A,2022-04-22,564.3,169.03,942.56,937.66,782.81,32,86.74,Shut-in
WELL_844,Field_A,2022-04-23,459.55,155.82,1442.78,1302.12,912.84,32,73.41,Active
WELL_845,Field_A,2022-04-24,490.46,184.63,1225.4,1059.83,775.85,32,85.02,Workover
WELL_846,Field_D,2022-04-25,398.71,191.6,1231.26,1144.39,637.18,32,78.77,Active
WELL_847,Field_C,2022-04-26,523.1,208.61,1344.1,1258.03,676.81,16,65.69,Workover
WELL_848,Field_C,2022-04-27,464.32,213.71,1487.54,1196.52,771.02,20,69.33,Shut-in
WELL_849,Field_D,2022-04-28,529.88,168.08,1299.48,1108.88,837.05,40,93.56,Shut-in
WELL_850,Field_C,2022-04-29,564.16,208.98,1647.91,1143.78,710.98,24,75.86,Shut-in
WELL_851,Field_D,2022-04-30,532.98,179.96,2257.26,1100.13,786.76,20,60.89,Active
WELL_852,Field_A,2022-05-01,572.58,288.85,1237.42,1165.32,837.07,16,87.01,Workover
WELL_853,Field_B,2022-05-02,486.65,192.62,1343.27,1052.99,660.14,24,82.49,Active
WELL_854,Field_B,2022-05-03,500.57,166.41,2049.55,1171.39,704.05,40,80.86,Active
WELL_855,Field_B,2022-05-04,418.59,260.64,1609.63,1211.46,852.86,20,86.36,Abandoned
WELL_856,Field_B,2022-05-05,499.69,250.41,1295.45,1050.52,789.27,32,64.73,Abandoned
WELL_857,Field_D,2022-05-06,484.04,192.63,1366.81,1134.59,769.71,20,70.09,Shut-in
WELL_858,Field_A,2022-05-07,461.19,222.1,1682.41,1350.12,846.51,24,89.38,Abandoned
WELL_859,Field_A,2022-05-08,559.53,195.04,1676.14,1230.31,692.29,20,74.35,Workover
WELL_860,Field_B,2022-05-09,469.15,171.84,1170.48,1245.7,877.91,16,76.13,Active
WELL_861,Field_D,2022-05-10,452.06,194.6,1091.46,1191.95,776.47,40,83.17,Workover
WELL_862,Field_A,2022-05-11,513.4,200.65,1208.44,1174.64,623.43,40,63.55,Workover
WELL_863,Field_C,2022-05-12,504.03,189.62,1290.46,1044.33,902.53,20,91.92,Abandoned
WELL_864,Field_B,2022-05-13,427.71,194.5,1985.44,1292.25,740.49,40,60.26,Shut-in
WELL_865,Field_B,2022-05-14,536.25,170.85,1097.82,1273.64,735.14,24,91.42,Active
WELL_866,Field_B,2022-05-15,525.41,187.31,1572.8,1289.37,678.4,20,97.86,Active
WELL_867,Field_B,2022-05-16,508.83,200.39,1415.98,1163.64,695.05,20,98.81,Workover
WELL_868,Field_D,2022-05-17,520.39,218.2,1968.25,1142.72,694.39,16,70.93,Active
WELL_869,Field_A,2022-05-18,573.27,206.83,1649.7,1099.84,927.12,16,80.1,Workover
WELL_870,Field_B,2022-05-19,551.74,198.49,1826.05,1049.49,754.14,16,68.8,Active
WELL_871,Field_B,2022-05-20,612.86,183.37,1533.96,1183.77,719.87,24,98.71,Workover
WELL_872,Field_C,2022-05-21,429.31,231.34,1448.05,1214.76,696.68,24,65.44,Workover
WELL_873,Field_A,2022-05-22,494.28,158.07,1696.01,1184.02,764.54,40,70.87,Shut-in
WELL_874,Field_D,2022-05-23,469.32,179.41,1205.81,1216.09,798.08,24,75.52,Workover
WELL_875,Field_C,2022-05-24,478.71,198.23,1267.87,1106.2,913.37,24,61.64,Abandoned
WELL_876,Field_C,2022-05-25,471.93,214.95,2170.72,1192.68,724.5,32,96.83,Shut-in
WELL_877,Field_B,2022-05-26,459.93,195.53,1645.62,982.2,848.66,16,62.56,Active
WELL_878,Field_D,2022-05-27,500.92,190.76,1756.27,1226.41,811.02,24,98.1,Workover
WELL_879,Field_D,2022-05-28,425.75,160.55,1266.6,1292.3,824.28,16,96.07,Active
WELL_880,Field_B,2022-05-29,523.56,197.16,1587.43,1155.19,885.9,40,84.25,Shut-in
WELL_881,Field_D,2022-05-30,588.41,203.86,1534.79,1137.1,806.69,20,85.14,Workover
WELL_882,Field_C,2022-05-31,468.5,174.25,1398.08,1045.25,909.92,16,77.92,Active
WELL_883,Field_C,2022-06-01,470.37,181.5,1607.67,1353.62,788.04,20,95.3,Shut-in
WELL_884,Field_B,2022-06-02,483.26,234.14,1338.57,1084.3,869.73,16,76.39,Abandoned
WELL_885,Field_A,2022-06-03,514.42,190.19,1022.48,941.23,767.47,24,64.65,Workover
WELL_886,Field_D,2022-06-04,493.34,159.99,1989.05,1173.3,740.45,32,84.58,Shut-in
WELL_887,Field_B,2022-06-05,530.51,280.05,1612.16,1238.84,845.62,40,77.36,Abandoned
WELL_888,Field_B,2022-06-06,561.68,194.62,1601.22,1089.51,879.8,24,96.12,Shut-in
WELL_889,Field_B,2022-06-07,465.73,211.7,2258.32,1182.34,655.64,24,78.05,Workover
WELL_890,Field_D,2022-06-08,492.55,224.59,1412.66,1302.07,833.56,20,67.66,Workover
WELL_891,Field_D,2022-06-09,456.77,226.88,1728.1,1260.5,772.27,32,74.31,Abandoned
WELL_892,Field_A,2022-06-10,532.72,153.16,1599.53,1073.46,713.06,20,65.95,Workover
WELL_893,Field_D,2022-06-11,523.29,202.89,1014.25,1076.66,834.24,24,81.15,Workover
WELL_894,Field_D,2022-06-12,461.73,177.51,1530.18,1067.1,820.75,16,93.08,Workover
WELL_895,Field_C,2022-06-13,430.79,212.24,1167.82,985.45,792.63,24,93.79,Abandoned
WELL_896,Field_C,2022-06-14,479.22,268.58,1598.8,1117.52,663.97,32,72.45,Abandoned
WELL_897,Field_C,2022-06-15,504.88,198.57,1361.09,1134.55,716.91,16,73.48,Active
WELL_898,Field_B,2022-06-16,582.86,181.99,1878.13,1180.97,933.38,16,85.31,Workover
WELL_899,Field_A,2022-06-17,549.87,225.15,1716.17,1097.09,772.29,32,88.6,Active
WELL_900,Field_A,2022-06-18,432.72,191.28,1251.7,1069.16,856.66,32,93.45,Shut-in
WELL_901,Field_C,2022-06-19,440.57,166.34,1340.27,1133.8,775.26,32,75.64,Active
WELL_902,Field_C,2022-06-20,450.49,205.08,1444.17,1190.72,867.59,24,93.77,Active
WELL_903,Field_D,2022-06-21,508.67,184.2,1120.75,1226.91,676.88,16,62.63,Active
WELL_904,Field_B,2022-06-22,546.35,181.89,1599.1,1204.06,759.64,16,95.06,Active
WELL_905,Field_B,2022-06-23,473.18,155.58,1428.29,1225.77,753.46,32,70.83,Workover
WELL_906,Field_D,2022-06-24,504.01,207.32,1193.58,1179.22,776.83,16,79.2,Shut-in
WELL_907,Field_D,2022-06-25,445.45,199.91,1335.34,1056.83,657.42,40,95.68,Abandoned
WELL_908,Field_A,2022-06-26,565.27,183.28,1583.51,1019.83,798.46,32,76.81,Active
WELL_909,Field_A,2022-06-27,524.38,243.2,1847.88,1293.44,742.74,32,98.27,Active
WELL_910,Field_B,2022-06-28,491.17,172.4,1563.0,1069.53,772.14,32,73.74,Active
WELL_911,Field_A,2022-06-29,471.1,236.76,1780.52,1243.96,862.05,32,88.56,Active
WELL_912,Field_B,2022-06-30,474.01,252.6,1805.78,1253.52,902.78,32,93.71,Workover
WELL_913,Field_C,2022-07-01,609.39,219.75,1317.57,1166.01,817.61,16,94.28,Active
WELL_914,Field_A,2022-07-02,498.7,203.0,1199.19,1355.14,780.53,24,97.2,Shut-in
WELL_915,Field_D,2022-07-03,435.39,210.92,1410.42,1280.11,830.85,16,97.42,Abandoned
WELL_916,Field_B,2022-07-04,479.64,187.08,1196.66,1205.87,792.83,40,74.65,Abandoned
WELL_917,Field_B,2022-07-05,336.69,187.19,1661.15,1541.98,900.64,32,63.22,Workover
WELL_918,Field_D,2022-07-06,405.18,202.9,1515.91,1164.49,918.52,32,84.45,Abandoned
WELL_919,Field_D,2022-07-07,481.07,176.68,1047.14,1205.01,808.91,20,64.67,Active
WELL_920,Field_D,2022-07-08,563.97,184.21,1538.25,1326.15,821.97,16,71.19,Active
WELL_921,Field_B,2022-07-09,503.44,156.89,1419.33,1311.83,787.17,40,65.44,Abandoned
WELL_922,Field_B,2022-07-10,454.52,230.83,1491.39,1326.26,712.58,24,83.52,Shut-in
WELL_923,Field_C,2022-07-11,409.01,193.8,1768.39,1324.06,711.86,32,94.78,Shut-in
WELL_924,Field_B,2022-07-12,515.68,218.59,1558.77,1434.78,734.46,40,99.61,Active
WELL_925,Field_A,2022-07-13,581.98,199.29,1087.68,1081.88,690.55,40,94.51,Workover
WELL_926,Field_A,2022-07-14,409.48,199.02,1384.95,1182.07,739.15,32,77.55,Shut-in
WELL_927,Field_A,2022-07-15,471.54,199.06,1622.43,1083.93,776.98,40,88.21,Shut-in
WELL_928,Field_B,2022-07-16,525.92,286.16,1157.06,1156.09,619.6,24,60.8,Active
WELL_929,Field_D,2022-07-17,517.61,169.14,989.14,1214.56,818.15,24,90.66,Workover
WELL_930,Field_A,2022-07-18,475.96,214.67,1530.52,1120.36,718.1,32,93.65,Active
WELL_931,Field_C,2022-07-19,560.66,169.39,1067.61,1165.69,868.51,24,80.9,Active
WELL_932,Field_B,2022-07-20,508.28,233.0,1117.99,1152.25,880.38,16,85.12,Workover
WELL_933,Field_B,2022-07-21,534.86,179.11,1257.6,1198.58,942.9,20,98.79,Workover
WELL_934,Field_C,2022-07-22,413.27,180.77,1112.65,1204.75,787.37,24,94.45,Workover
WELL_935,Field_A,2022-07-23,518.96,154.73,1752.03,1293.13,967.37,32,68.71,Workover
WELL_936,Field_D,2022-07-24,441.23,221.21,1215.72,1251.38,748.32,40,76.09,Abandoned
WELL_937,Field_C,2022-07-25,534.69,197.55,1901.09,1270.44,813.39,16,66.37,Shut-in
WELL_938,Field_A,2022-07-26,454.35,197.62,1881.9,1138.31,792.92,40,70.29,Abandoned
WELL_939,Field_D,2022-07-27,511.87,187.9,1526.98,1287.21,891.58,24,79.66,Active
WELL_940,Field_D,2022-07-28,492.36,190.72,1742.29,918.19,744.64,32,79.43,Active
WELL_941,Field_C,2022-07-29,458.06,220.7,1287.89,1415.43,789.94,16,76.08,Shut-in
WELL_942,Field_A,2022-07-30,556.04,214.71,1439.72,1324.24,773.28,20,92.84,Shut-in
WELL_943,Field_C,2022-07-31,548.69,229.27,1417.91,1117.07,921.17,16,74.29,Abandoned
WELL_944,Field_B,2022-08-01,491.13,173.82,1393.83,1104.95,741.74,24,69.54,Active
WELL_945,Field_B,2022-08-02,477.64,215.13,1644.73,1247.99,835.17,32,67.6,Abandoned
WELL_946,Field_C,2022-08-03,459.58,171.65,1569.27,1301.59,855.16,40,85.69,Shut-in
WELL_947,Field_B,2022-08-04,490.56,211.85,1801.82,1315.98,869.6,24,95.28,Shut-in
WELL_948,Field_A,2022-08-05,551.79,169.69,1259.39,1008.63,877.5,16,96.3,Shut-in
WELL_949,Field_A,2022-08-06,484.51,207.7,1459.23,1307.99,658.8,20,67.24,Active
WELL_950,Field_B,2022-08-07,435.3,188.72,1382.96,1287.29,760.92,32,76.59,Workover
WELL_951,Field_C,2022-08-08,450.45,236.28,1090.71,1335.89,844.07,24,85.81,Abandoned
WELL_952,Field_B,2022-08-09,419.6,194.63,1363.6,1180.36,897.65,16,91.48,Abandoned
WELL_953,Field_A,2022-08-10,494.04,173.49,1641.36,1218.98,742.82,40,88.78,Active
WELL_954,Field_D,2022-08-11,609.95,202.35,1890.87,1073.2,704.92,24,61.46,Abandoned
WELL_955,Field_B,2022-08-12,447.83,225.35,1673.16,1220.49,903.47,20,62.78,Active
WELL_956,Field_D,2022-08-13,418.17,174.21,1690.5,965.22,700.57,40,99.2,Workover
WELL_957,Field_B,2022-08-14,535.36,185.28,1343.27,1348.72,900.4,24,65.05,Shut-in
WELL_958,Field_C,2022-08-15,473.98,158.41,1042.04,1246.86,982.1,32,75.99,Workover
WELL_959,Field_B,2022-08-16,533.31,224.14,1571.78,1156.5,728.06,40,62.38,Active
WELL_960,Field_C,2022-08-17,499.68,223.33,1722.08,1121.04,706.0,32,78.83,Abandoned
WELL_961,Field_D,2022-08-18,421.91,209.73,1390.44,1264.79,719.99,40,71.48,Active
WELL_962,Field_C,2022-08-19,439.51,235.83,1271.9,1228.37,789.17,20,73.61,Workover
WELL_963,Field_B,2022-08-20,567.67,211.87,804.94,1341.67,877.83,24,76.28,Shut-in
WELL_964,Field_D,2022-08-21,401.22,193.41,938.08,1142.1,731.61,16,96.82,Shut-in
WELL_965,Field_A,2022-08-22,508.69,187.06,1704.11,1222.01,902.99,40,83.75,Active
WELL_966,Field_A,2022-08-23,500.56,171.59,1515.71,1190.7,711.89,40,87.68,Shut-in
WELL_967,Field_A,2022-08-24,564.69,130.86,1222.61,1179.3,813.84,20,93.16,Workover
WELL_968,Field_B,2022-08-25,463.43,191.88,2075.24,1177.46,937.53,40,89.38,Workover
WELL_969,Field_D,2022-08-26,462.76,218.8,1085.14,1103.33,793.54,40,79.62,Workover
WELL_970,Field_A,2022-08-27,571.59,161.6,1538.45,1290.29,710.85,24,80.48,Workover
WELL_971,Field_C,2022-08-28,494.12,208.74,1430.2,1245.74,764.3,40,70.71,Active
WELL_972,Field_A,2022-08-29,514.58,233.18,2090.26,1171.06,802.35,40,79.89,Active
WELL_973,Field_D,2022-08-30,558.34,216.09,1552.95,1314.73,794.45,24,67.45,Workover
WELL_974,Field_A,2022-08-31,467.58,209.55,1481.9,1232.73,853.53,20,79.38,Abandoned
WELL_975,Field_D,2022-09-01,534.97,162.66,1155.23,849.63,772.59,16,67.64,Abandoned
WELL_976,Field_A,2022-09-02,515.33,242.85,1540.7,1290.2,715.96,32,60.85,Shut-in
WELL_977,Field_C,2022-09-03,489.72,212.54,1567.11,1166.81,544.01,24,73.16,Active
WELL_978,Field_C,2022-09-04,581.54,118.42,1843.71,1252.35,736.17,40,75.44,Workover
WELL_979,Field_D,2022-09-05,448.84,193.12,1691.75,1173.37,845.57,32,88.03,Workover
WELL_980,Field_D,2022-09-06,543.62,179.04,1443.63,1237.47,767.95,24,95.25,Workover
WELL_981,Field_A,2022-09-07,426.1,141.87,1296.81,1248.43,756.94,16,98.45,Shut-in
WELL_982,Field_B,2022-09-08,471.36,232.18,1517.44,1296.59,688.09,20,61.61,Active
WELL_983,Field_B,2022-09-09,519.9,180.15,1018.0,1329.82,864.86,24,71.21,Active
WELL_984,Field_B,2022-09-10,482.1,181.85,1205.84,1317.04,907.62,40,62.86,Abandoned
WELL_985,Field_C,2022-09-11,471.61,216.68,1229.76,1031.37,921.02,24,77.94,Abandoned
WELL_986,Field_D,2022-09-12,465.63,169.91,1213.02,1211.27,726.01,40,89.15,Workover
WELL_987,Field_B,2022-09-13,480.26,201.06,1649.05,1168.7,735.09,20,74.95,Workover
WELL_988,Field_C,2022-09-14,657.46,181.69,2050.57,1220.0,825.5,24,70.12,Shut-in
WELL_989,Field_A,2022-09-15,505.04,173.29,1886.94,1138.0,707.46,20,94.56,Active
WELL_990,Field_D,2022-09-16,529.22,204.53,1636.37,1172.72,804.27,16,85.44,Workover
WELL_991,Field_C,2022-09-17,568.22,198.05,1145.07,1256.42,1017.93,20,73.91,Shut-in
WELL_992,Field_B,2022-09-18,519.59,225.82,1415.32,1115.14,722.84,20,78.88,Shut-in
WELL_993,Field_D,2022-09-19,447.75,196.25,1817.29,1008.4,898.13,40,76.16,Workover
WELL_994,Field_D,2022-09-20,475.96,224.26,1767.08,1210.98,796.65,32,89.01,Abandoned
WELL_995,Field_C,2022-09-21,489.62,238.74,1772.36,1203.5,770.52,16,88.48,Abandoned
WELL_996,Field_C,2022-09-22,504.36,206.49,1481.39,1232.58,877.41,20,61.65,Abandoned
WELL_997,Field_B,2022-09-23,539.92,234.98,1531.47,1134.79,842.18,40,64.24,Shut-in
WELL_998,Field_D,2022-09-24,506.04,209.61,2135.35,1258.81,770.11,40,96.21,Active
WELL_999,Field_A,2022-09-25,473.81,187.23,1479.7,1087.74,869.93,40,70.99,Shut-in
WELL_1000,Field_A,2022-09-26,411.92,159.78,1323.23,1243.71,749.8,40,75.45,Shut-in
